A12_B003528,[]
A13_B003771,[]
A11_B002077,[]
A12_B003116,[]
A12_1001000412,['R521K']
A10_B003071,[]
A12_B002572,[]
A10_B001558,[]
A10_B001554,[]
A11_B001551,[]
A13_B002572,[]
A12_B003527,[]
C4_B001474,['K745_A750>T']
A12_B003529,[]
A13_B003518,[]
A10_B003528,[]
A13_1001000340,[]
H13_1001000340,"['E746_A750delELREA', 'E746_T751delELREAT', 'R521K']"
A11_B001545,[]
A13_B000420,[]
A11_B001475,[]
A11_B002079,[]
A11_B001554,[]
A10_B000863,[]
A13_B003894,[]
A13_B003116,[]
A11_B003577,[]
A10_B003527,[]
A13_B003112,[]
A11_B003522,[]
A12_B003070,[]
A11_B001007,[]
A11_B002573,[]
A13_B003528,[]
A13_B003522,[]
A10_B002572,[]
A13_1001000412,[]
A11_B003067,[]
A13_B003777,[]
A11_1001000318,[]
A13_B002077,[]
B15_1001000340,"['E746_A750delELREA', 'E746_T751delELREAT']"
A10_B001474,[]
A10_B003518,[]
A11_B003518,[]
A10_B003523,[]
A12_B003103,[]
A12_B003105,[]
A11_1001000412,"['R521K', 'Q787Q', 'T629T']"
A10_1001000407,['R521K']
A13_1001000408,[]
A10_B001007,[]
A11_B001470,[]
A10_B003529,[]
A13_1001000407,"['T903T', 'Q787Q', 'T629T', 'L858R']"
A11_B002572,[]
A12_1001000407,['R521K']
A13_B002079,[]
A13_B003529,[]
A10_B003588,[]
A11_B003528,[]
A11_B003527,[]
A12_B003518,[]
N20_1001000340,"['E746_A750delELREA', 'T629T', 'R521K', 'E746_T751delELREAT']"
A10_B001470,[]
A11_B003119,[]
A11_B003523,[]
A11_B000860,[]
A12_1001000317,[]
A12_B001010,[]
A13_B003527,[]
A13_B003103,[]
A11_B000862,[]
A11_B000861,[]
A12_B002077,[]
A10_B003115,[]
A11_B001474,[]
A10_B003125,[]
A13_B003120,[]
A10_B001545,"['T903T', 'Q787Q']"
A12_B003776,[]
A13_B001010,[]
A12_B002078,[]
A11_B001558,[]
A10_1001000408,[]
A10_1001000412,"['R521K', 'Q787Q', 'T629T']"
A11_B003115,[]
A10_B003070,[]
A10_B001548,[]
A11_1001000407,"['R521K', 'Q787Q', 'T629T']"
A11_1001000408,[]
A12_B003119,[]
A12_1001000408,[]
