A9_B001543,[]
A2_B000862,[]
A1_B002568,[]
A8_B003187,[]
A7_B001545,[]
A13_B003116,[]
A9_10001000325,[]
A15_B003894,[]
A8_B002571,[]
A9_1001000412,"['55198724', '55161562', '55181370']"
A13_1001000407,"['55191822', '55171181', '55198724', '55181370']"
A20_B003528,[]
A21_B003775,"['55171181', '55181370']"
A3_1001000408,[]
A13_1001000408,[]
A3_B003067,[]
A15_1001000407,[]
A16_B003071,[]
A12_1001000408,[]
A1_B001543,['55181370']
A10_B003070,[]
A15_B003527,[]
A22_1001000408,[]
A8_B001475,[]
A14_1001000408,[]
A2_B003067,[]
A4_B002571,[]
A16_B003112,[]
A22_B003129,[]
A14_1001000340,[]
A10_B003518,[]
A7_B001474,[]
A17_B003518,[]
A9_B000860,[]
A8_B001470,[]
A4_B003071,[]
A21_B003112,[]
A19_B003588,[]
A22_B003527,[]
A4_B001464,[]
A17_B003776,['55198724']
A12_1001000317,[]
A13_B003112,[]
A14_B003527,[]
A11_1001000318,[]
A11_B003527,[]
A17_1001000339,['55161562']
A16_1001000412,"['55191822', '55171181', '55198724', '55181370']"
A17_B003775,[]
A19_B003654,[]
A20_B002074,"['55171181', '55198724', '55181370', '55191741']"
A16_B003129,['55146655']
A15_B003071,[]
A10_B003523,[]
A15_B003126,[]
A18_B003116,[]
A18_B000420,['55171181']
A21_B003527,[]
A22_B003132,[]
A17_1001000412,[]
A10_B003528,[]
A19_B003528,[]
A4_B000861,[]
A7_B003115,[]
A3_B003070,[]
A16_B003527,[]
A6_B003191,"['55198724', '55181370']"
A16_B003120,[]
A8_B003126,"['55171181', '55161562']"
A19_B000420,[]
A20_B002572,[]
A16_B003126,[]
A22_B003518,[]
A16_B003654,[]
A15_B003191,[]
A20_B003894,[]
A7_B000862,[]
A21_1001000407,['55181370']
A19_B003116,[]
A11_B003067,[]
A14_B003777,[]
A7_B003187,[]
A17_B003777,[]
A14_B003120,[]
A10_B003588,[]
A9_B002572,[]
A7_B003528,[]
A10_B003125,[]
A20_1001000408,"['55191822', '55198724', '55181370']"
A22_B003080,[]
A12_B002078,[]
A20_1001000412,[]
A21_B002074,[]
A1_B003121,[]
A6_B002571,[]
A7_B003126,[]
A14_B002074,[]
A17_1001000407,"['55171181', '55161562', '55181370']"
A13_B003529,[]
A12_B003528,[]
A19_B003920,[]
A18_B002572,[]
A8_B003527,[]
A9_B001545,['55181370']
A17_B003654,[]
A9_B001470,[]
A1_B003642,[]
A22_B003646,[]
A10_B003527,[]
A9_1001000408,[]
A5_B003648,[]
A6_B003187,[]
A7_1001000408,['55161562']
A14_B003112,[]
A7_B001556,[]
A20_1001000407,"['55171181', '55181370']"
A1_B000883,[]
A14_1001000407,[]
A5_B002572,[]
A5_B001545,[]
A9_B002573,[]
A4_1001000411,['55161562']
A10_1001000412,"['55171181', '55161562', '55181370']"
A9_B003588,[]
A21_1001000408,[]
A14_B003528,[]
A14_B003187,[]
A21_B002073,[]
A1_B002572,[]
A16_B002074,['55198724']
A12_B003070,[]
A2_B002572,[]
A11_B003522,[]
A18_B003776,[]
A6_B003129,[]
A1_B003129,[]
A9_B003647,[]
A8_B002573,[]
A7_B003191,[]
A12_B002572,[]
A15_1001000408,['55171181']
A14_B003129,[]
A11_B001545,[]
A5_B002571,[]
A15_B003132,[]
A17_B003894,[]
A6_B001475,[]
A22_B003776,[]
A16_B003518,[]
A10_B002572,[]
A15_B002572,[]
A1_B001464,[]
A21_B003654,[]
A7_B001470,[]
A14_1001000339,['55171181']
A7_B002571,[]
A22_1001000407,[]
A11_1001000407,"['55171181', '55161562', '55181370']"
A19_B003070,[]
A15_B002073,[]
A9_B001475,[]
A7_1001000412,[]
A22_B002073,[]
A7_B003577,[]
A19_B003518,[]
A10_B003071,[]
A4_B003191,[]
A3_B003129,[]
A21_B003522,[]
A4_B002572,[]
A3_B001470,[]
A11_B002572,[]
A19_B003078,[]
A14_B003920,[]
A13_B003894,[]
A21_B000420,[]
A18_1001000408,[]
A1_B003523,[]
A22_B003067,[]
A18_B003920,"['55198724', '55181370']"
A7_B003518,[]
A8_B000863,[]
A15_B002074,[]
A3_B003528,[]
A20_B002078,[]
A4_B000862,[]
A20_B003777,[]
A9_B000863,[]
A18_B003654,[]
A18_B002078,[]
A11_B003528,[]
A7_B002573,[]
A16_B002572,[]
A17_B003116,[]
A14_B003775,[]
A19_1001000408,[]
A10_B003529,[]
A19_1001000407,[]
A19_B003522,[]
A5_B003187,[]
A22_B003920,[]
A18_B003528,[]
A19_B002078,['55146655']
A5_B001474,"['55171181', '55181370']"
A3_B000862,[]
A6_B003528,[]
A9_1001000407,[]
A4_B003067,[]
A8_B001545,[]
A22_B003522,['55198724']
A16_B000420,[]
A5_B003191,[]
A3_B003191,[]
A1_B003648,[]
A7_B003523,[]
A13_B002572,[]
A6_1001000408,[]
A10_B001474,[]
A2_B003659,[]
A3_B003115,[]
A5_B003129,[]
A3_B003187,[]
A13_B003120,[]
A8_B000860,[]
A8_B001543,[]
A16_B003528,[]
A18_B002074,[]
A16_B003894,[]
A8_B003115,[]
A6_B000863,[]
A9_B003528,[]
A8_B003528,[]
A20_B003527,[]
A21_B003120,[]
A12_1001000412,['55161562']
A14_B002572,[]
A15_B000420,[]
A16_B003187,[]
A19_1001000340,[]
A15_B003518,[]
A22_B000420,[]
A19_B002097,[]
A17_B000420,[]
A14_B003067,[]
A15_B003129,[]
A4_B001470,[]
A5_B003132,[]
A18_B003527,[]
A13_B003527,[]
A17_B003079,[]
A7_B003067,[]
A4_1001000407,"['55171181', '55161562']"
A11_B001470,[]
A18_B003522,[]
A16_1001000408,[]
A16_B002073,[]
A1_B003646,[]
A2_B003191,[]
A13_B003522,['55146655']
A14_B003588,[]
A12_1001000407,['55161562']
A16_B003777,[]
A8_B003648,[]
A5_B000862,"['55198724', '55201223']"
A20_B003112,[]
A21_B003116,[]
A11_B000861,[]
A4_B003132,[]
A13_1001000412,[]
A6_1001000412,['55161562']
A15_1001000412,"['55171181', '55198724', '55161562', '55181370']"
A13_B003777,[]
A14_B002073,[]
A2_B003132,['55161562']
A8_B000573,[]
A3_B002573,[]
A6_B003132,[]
A19_B003120,[]
A19_B003776,[]
A2_1001000412,[]
A8_B002572,[]
A12_B003119,[]
A15_B003528,[]
A14_B003126,[]
A8_1001000340,[]
A17_B003528,[]
A2_1001000411,[]
A10_1001000408,[]
A3_1001000412,[]
A13_B003528,[]
A1_B003115,[]
A6_B003527,[]
A21_B003518,[]
A17_B003070,[]
A20_B003116,[]
A3_B001464,[]
A17_B003112,[]
A21_B002078,[]
A10_B000863,[]
A18_B003588,[]
A11_B000860,[]
A8_B003659,[]
A11_B001475,[]
A4_10001000325,[]
A18_B003120,[]
A16_B003776,[]
A8_B003523,[]
A20_B003120,[]
A19_B003112,[]
A4_B003070,[]
A5_1001000407,"['55171181', '55198724', '55181312', '55161562', '55181370']"
A4_B003126,[]
A1_B000863,[]
A21_B003894,[]
A12_B003116,[]
A7_B002572,[]
A8_B003191,[]
A7_1001000407,[]
A17_B003120,[]
A20_B002073,[]
A15_B003070,[]
A20_B003518,['55198724']
A15_B003776,['55181370']
A21_B002572,[]
A14_B003191,[]
A19_B003894,[]
A11_B002573,[]
A20_B003588,[]
A11_1001000408,[]
A11_B000862,[]
A21_B003658,[]
A11_B003115,[]
A7_10001000325,[]
A18_1001000407,[]
A17_B002097,[]
A9_B003518,[]
A13_1001000340,[]
A19_B003777,[]
A5_B003067,[]
A19_1001000412,[]
A5_1001000317,[]
A14_B003132,[]
A12_B003529,[]
A15_B003187,[]
A15_B003529,[]
A3_B002572,[]
A18_B003777,[]
A19_B003527,[]
A11_B003119,[]
A2_B001470,[]
A11_B001474,[]
A1_B003132,[]
A8_B003132,['55146655']
A16_B003775,[]
A21_B003777,[]
A14_B003776,[]
A6_B003093,[]
A3_B003659,[]
A2_B001543,[]
A14_B002078,[]
A22_B003775,[]
A8_B003125,[]
A5_1001000408,['55161562']
A19_B002572,[]
A15_B003522,[]
A22_B003777,[]
A11_B003577,[]
A16_B003132,[]
A11_1001000412,"['55171181', '55161562', '55181370']"
A16_B003920,[]
A4_1001000317,[]
A9_B003527,['55198724']
A15_1001000340,['55198724']
A22_B003191,[]
A17_B003920,[]
A9_B000862,[]
A17_1001000408,"['55171181', '55198724', '55181370']"
A11_B003518,[]
A16_B003125,[]
A12_B003776,[]
A1_B003191,['55181370']
A4_B003187,[]
A9_B003577,[]
A6_B002572,[]
A7_B003132,[]
A20_B003920,[]
A18_B003518,['55198724']
A1_B000860,[]
A8_B001474,[]
A15_B003920,[]
A15_B003125,[]
A14_1001000412,['55181370']
A13_B000420,[]
A2_1001000408,[]
A9_B000861,[]
A21_1001000412,"['55171181', '55161562', '55181370']"
A21_B003093,['55198724']
A22_B002074,[]
A12_B003518,[]
A16_B003191,[]
A10_B001470,[]
A10_1001000407,['55161562']
A21_B003528,[]
A6_B001474,[]
A2_B003115,[]
A1_B003067,[]
A19_B002074,[]
A22_B003116,[]
A16_1001000407,"['55191822', '55171181', '55198724', '55161562', '55181370']"
A14_B002097,[]
A14_B003518,[]
A9_B003115,[]
A1_B002571,[]
A6_B000862,[]
A21_B003920,[]
A10_B001545,"['55198724', '55181370']"
A15_B002078,"['55146655', '55171181', '55161562']"
A15_B003112,[]
A13_B003518,[]
A1_B001474,"['55171181', '55181370']"
A16_B003116,[]
A14_B003529,[]
A20_B000420,[]
A1_B003528,[]
A20_1001000339,['55171181']
A5_B003070,[]
A3_B003132,[]
A17_B002073,[]
A18_B003112,[]
A22_B003071,[]
A12_B003527,[]
A9_B001474,[]
A9_B003119,[]
A16_1001000339,"['55171181', '55161562']"
A11_B003523,[]
A22_B003112,[]
A10_B003115,[]
A7_B003125,[]
A18_B003775,[]
A2_B003129,[]
A15_B003116,[]
A14_B003125,[]
A6_B003648,[]
A22_B002097,[]
