CHROM,POS,ID,REF,ALT
chr1,2185072,.,G,A
chr1,20770998,.,G,T
chr1,21584617,rs1313341,A,G
chr1,26852863,.,C,CTCCTTGGCCCTTCA
chr1,26855537,.,G,A
chr1,28171338,.,C,G
chr1,28171339,.,TTG,T
chr1,32921578,rs1293664,T,C
chr1,32953005,.,T,C
chr1,32953059,.,T,C
chr1,33040561,.,C,T
chr1,33040700,rs12022291,A,G
chr1,33040824,.,A,C
chr1,33040825,.,C,T
chr1,33040826,.,A,G
chr1,35857103,.,C,T
chr1,35857252,.,G,A
chr1,35857265,.,G,A
chr1,36340666,.,C,T
chr1,37484104,.,C,G
chr1,43661926,rs6429632,G,A
chr1,52642024,.,A,G
chr1,52642029,.,A,G
chr1,66332465,.,C,T
chr1,66333830,.,C,CA
chr1,66334921,rs78364122,A,G
chr1,66334954,.,T,C
chr1,89020153,.,T,C
chr1,89020240,.,G,GA
chr1,89056142,.,A,AATCCC
chr1,89267136,.,G,C
chr1,89267137,.,T,C
chr1,89267139,.,A,AT
chr1,89267142,.,T,A
chr1,91304542,.,C,CCATAA
chr1,93873202,.,C,T
chr1,106553307,.,CAA,C
chr1,108757316,rs74112519,G,C
chr1,110875595,rs1389722,A,G
chr1,116562513,.,T,TCCC
chr1,116562514,.,A,AT
chr1,116562517,.,C,A
chr1,149433791,.,G,A
chr1,150181327,.,G,A
chr1,150181334,.,A,G
chr1,150730241,rs1136808,G,C
chr1,150730436,.,G,GATCCC
chr1,150730439,.,G,GTA
chr1,151031527,rs4970991,T,C
chr1,153389628,.,GAC,G
chr1,153390128,.,C,CT
chr1,161526420,.,C,T
chr1,161623332,rs146653557,C,T
chr1,169691083,.,G,A
chr1,183605146,.,G,A
chr1,192812042,rs4606,C,G
chr1,202301799,.,T,C
chr1,206588945,.,AG,A
chr1,206588946,.,G,"*,A"
chr1,206588949,.,G,A
chr1,206588950,.,G,A
chr1,206734117,.,A,G
chr1,207353130,rs2251088,G,T
chr1,207795406,.,T,C
chr1,207795463,.,A,T
chr1,209636265,.,T,G
chr1,209636266,.,G,C
chr1,209675412,.,T,G
chr1,209675889,.,G,A
chr1,209676127,.,G,GT
chr1,209677209,.,T,G
chr1,223821969,.,G,A
chr1,223822037,.,G,A
chr1,223822078,.,T,TCCCATGTACTCTGCGTTG
chr1,225985389,.,T,C
chr2,24310323,.,A,ATCCCATG
chr2,24310326,.,C,CTCTGCGTTGA
chr2,28207256,.,C,CT
chr2,28207260,.,T,C
chr2,28207261,.,T,G
chr2,30804017,.,T,C
chr2,30804524,rs13388219,T,C
chr2,40212873,.,T,TCCC
chr2,40212874,.,A,ATGTACTCTGCGTT
chr2,40212878,.,T,A
chr2,47880115,.,C,T
chr2,47880197,.,C,CCCCATGTACTCTGCGTTGAT
chr2,64107081,.,A,C
chr2,64107082,.,T,C
chr2,64107086,.,G,GTACTCTGCGTTGATA
chr2,64131827,.,G,C
chr2,64131831,.,G,T
chr2,64131832,.,G,GTACTCTGCGTTGATA
chr2,64131907,.,C,CCCCATGTACTCTGCGTTGAT
chr2,69928350,rs4144081,G,A
chr2,71686673,.,T,TC
chr2,71686676,.,C,T
chr2,73524743,rs111264891,T,C
chr2,85321214,.,G,A
chr2,87009257,.,A,G
chr2,101204018,rs1192822,T,C
chr2,101213704,.,G,C
chr2,101213706,.,C,CATGT
chr2,101221236,.,T,C
chr2,101275548,.,T,A
chr2,101275767,.,G,A
chr2,101275827,.,A,ACCCAT
chr2,101275828,.,G,GTACTCTGC
chr2,101275831,.,A,T
chr2,101992567,.,G,A
chr2,106405939,.,C,T
chr2,111280996,.,T,TCC
chr2,111280997,.,G,C
chr2,112823011,rs3917374,C,G
chr2,112823052,.,TTG,T
chr2,112828892,rs3917365,A,G
chr2,112828941,.,AT,A
chr2,112829001,.,G,A
chr2,113736275,.,C,CA
chr2,113934232,.,G,GT
chr2,120133110,.,T,TG
chr2,120133111,.,A,C
chr2,120184996,.,T,TCCC
chr2,120184998,.,T,TG
chr2,120184999,.,C,T
chr2,134976957,.,G,A
chr2,134976960,.,T,TGG
chr2,134976962,.,GCT,G
chr2,134977663,rs147375737,A,G
chr2,135424590,rs6761011,G,A
chr2,135424591,.,A,G
chr2,135424610,.,G,A
chr2,135424615,.,C,A
chr2,135424622,.,C,A
chr2,135424625,.,G,C
chr2,135424640,.,A,G
chr2,135424642,.,T,A
chr2,135424644,.,T,A
chr2,135424647,.,C,T
chr2,135424648,.,A,G
chr2,136345174,rs72850214,G,A
chr2,145216797,rs274838,G,A
chr2,151362716,.,T,C
chr2,151362718,.,C,A
chr2,151362720,.,G,GT
chr2,160289101,rs6432613,A,G
chr2,180872841,.,T,C
chr2,180872861,.,T,C
chr2,191699198,rs12615260,A,T
chr2,218389104,.,A,AAAT
chr2,230335932,rs11890934,C,A
chr3,13013128,.,T,TCCCATGTACTCTGCG
chr3,47344569,.,T,TC
chr3,47344570,.,G,C
chr3,48195773,.,G,A
chr3,48501879,.,G,T
chr3,53192368,.,C,T
chr3,53225879,.,A,G
chr3,69039673,.,G,A
chr3,69075844,.,G,GGGAGGCAGAGGTTA
chr3,69075846,.,C,CA
chr3,69075847,.,T,TGAGCCAAGATCA
chr3,69175816,rs4374534,T,C
chr3,71771818,rs2322141,T,C
chr3,71772021,.,T,C
chr3,71772339,rs6782813,T,C
chr3,71785035,.,G,A
chr3,71785088,.,TGGGGGCGCGGGG,T
chr3,71785104,.,G,A
chr3,71785105,.,G,T
chr3,71785108,.,G,A
chr3,71785110,.,G,T
chr3,71785114,.,G,C
chr3,72020883,.,T,C
chr3,72020935,.,T,C
chr3,72020977,.,A,AT
chr3,72023763,.,T,C
chr3,72023851,rs9821581,G,A
chr3,78223516,.,C,T
chr3,78223540,.,G,C
chr3,107614008,rs150061418,G,C
chr3,110937536,rs11929276,A,G
chr3,121631457,rs34798973,T,TCA
chr3,121631581,.,C,T
chr3,121631694,.,C,T
chr3,121631703,.,C,T
chr3,122434454,.,C,G
chr3,122434455,.,AC,A
chr3,122434457,.,T,TGC
chr3,170934351,.,C,T
chr3,170934352,.,A,G
chr3,172338271,.,A,G
chr3,172505837,rs1131579,T,C
chr3,172505855,.,T,C
chr3,172505859,.,T,C
chr3,187725055,.,C,T
chr3,187726755,.,C,T
chr3,187729078,.,C,T
chr3,187729134,.,T,C
chr3,187729163,.,G,A
chr3,187729200,.,C,T
chr3,187729512,.,T,TTCCCA
chr3,187729515,.,T,TA
chr3,187729516,.,C,CTCTGCGTTGAT
chr4,40478033,.,G,A
chr4,40478108,.,T,C
chr4,55398556,.,T,C
chr4,55398576,.,CT,C
chr4,55398586,rs4549456,C,G
chr4,55398774,rs1011095,C,G
chr4,73121464,.,T,TA
chr4,73121726,.,T,TCC
chr4,73121729,.,T,G
chr4,73121731,.,G,A
chr4,79932673,rs12507029,C,T
chr4,102657699,.,A,G
chr4,184781112,.,T,C
chr4,184781167,.,T,C
chr4,184781169,.,T,C
chr4,184820938,.,T,TCCCATGTACTCTGCGTTG
chr4,184820940,.,G,T
chr4,184820942,.,G,C
chr4,184850600,.,C,CCTGTTAAA
chr4,187220942,rs2029261,C,G
chr4,187220974,.,C,T
chr4,187220980,.,G,T
chr4,187220981,.,T,A
chr4,187220983,.,T,A
chr5,10739038,.,T,TA
chr5,10739119,.,G,A
chr5,10746485,.,A,G
chr5,10746512,.,T,C
chr5,52217655,rs62359693,A,C
chr5,57229085,.,A,G
chr5,57229086,.,C,T
chr5,57229133,.,A,G
chr5,57229581,.,A,G
chr5,57229584,.,A,G
chr5,87342374,.,G,C
chr5,87342375,.,T,C
chr5,87342377,.,T,A
chr5,87342380,.,A,T
chr5,87342384,.,C,CTG
chr5,91310757,rs6877420,G,T
chr5,91310770,rs10057046,C,T
chr5,91310776,.,A,C
chr5,91310782,.,C,T
chr5,91310783,.,C,A
chr5,96849764,rs2216752,G,A
chr5,96850246,rs2911131,A,T
chr5,104650870,rs325495,T,A
chr5,124578227,.,A,G
chr5,124578234,.,T,A
chr5,124578236,.,C,T
chr5,124578239,.,T,C
chr5,124578246,.,C,T
chr5,124578247,.,C,G
chr5,131793288,.,G,A
chr5,131793308,.,T,C
chr5,131793314,.,T,C
chr5,132482219,.,AT,A
chr5,132483136,rs11347983,CT,C
chr5,132483261,.,G,T
chr5,132483307,.,A,G
chr5,132483514,.,C,A
chr5,134405043,.,C,CATGTACTCTGCGTTGATA
chr5,141318589,.,T,C
chr5,159285187,.,A,C
chr5,162288309,.,C,CCCATTTATCCACTCAGGAGAAAGCACAAAGGACAGCACATGGGAAACGTTGAGTGG
chr5,172019186,.,C,T
chr5,177255150,rs144055603,T,C
chr5,177255256,.,C,A
chr5,177255268,.,G,A
chr5,177258212,.,T,C
chr5,177258215,.,G,T
chr5,177258218,.,G,A
chr5,177258219,.,A,C
chr5,177258224,.,C,CGTTGATA
chr5,177483682,.,T,TCCCATGTACTCTGC
chr6,2837378,rs316337,G,A
chr6,2837431,.,A,C
chr6,2837433,.,C,CATGT
chr6,11234712,rs140513398,ATT,A
chr6,11234775,.,G,GTCCCATGTACTC
chr6,11234778,.,C,CGTT
chr6,11234779,.,A,G
chr6,11291432,.,G,GCCC
chr6,11291436,.,A,ATGTACTCT
chr6,11363871,.,C,T
chr6,11363972,.,G,A
chr6,11364186,.,G,C
chr6,11364187,.,G,C
chr6,11364189,.,A,ATGTACTCTGCGTTGATAC
chr6,26610897,.,A,G
chr6,26610903,.,GCT,G
chr6,26610906,.,G,GCA
chr6,27213616,rs858993,G,A
chr6,29944167,.,A,G
chr6,29944272,.,C,T
chr6,30074005,.,A,G
chr6,30074006,.,T,A
chr6,30491210,.,C,T
chr6,30493213,.,C,G
chr6,30493230,.,G,C
chr6,30493243,.,A,G
chr6,30493244,.,G,A
chr6,30494193,.,C,CTAAAAAAAAAAAAAAAAAAAAAAAAAAAAAAGTACTCTGCGTTGAT
chr6,30729380,.,C,CT
chr6,30734705,.,A,C
chr6,30734708,.,C,A
chr6,30734711,.,T,TA
chr6,30734713,.,C,T
chr6,30734717,.,G,C
chr6,30734718,.,C,G
chr6,31268903,rs1130586,G,A
chr6,31268906,.,CCAT,C
chr6,31268910,.,G,GTA
chr6,31268913,rs1130592,T,G
chr6,31353904,rs1058067,C,T
chr6,31354154,.,T,C
chr6,31354158,.,C,T
chr6,31354159,.,C,G
chr6,31354161,.,C,A
chr6,31354164,.,C,CTGCGTTGAT
chr6,31355190,.,C,T
chr6,31355668,.,C,T
chr6,31356232,.,T,TGAACGAGGA
chr6,31817844,.,T,C
chr6,32845235,.,A,T
chr6,32845267,.,A,G
chr6,32845391,.,A,T
chr6,32845468,.,C,A
chr6,32845588,.,A,T
chr6,32845591,.,A,AG
chr6,32845592,.,T,G
chr6,32845665,.,G,GGATCCCATGTACTCTGCGTT
chr6,32845670,.,G,C
chr6,32847557,.,C,A
chr6,32855409,rs36234342,T,G
chr6,32855478,.,C,T
chr6,32855480,rs3763346,T,C
chr6,32855618,.,A,AT
chr6,32863470,rs6938130,A,T
chr6,35880552,.,A,C
chr6,36458076,.,A,G
chr6,36458313,rs9470285,C,T
chr6,36458420,.,A,G
chr6,36458421,.,A,G
chr6,36458473,.,A,G
chr6,36458501,.,A,G
chr6,36458837,.,T,TA
chr6,38436488,.,G,C
chr6,38436489,.,C,CCATGTA
chr6,41898837,rs2395791,C,G
chr6,44253856,.,A,G
chr6,44953943,.,G,A
chr6,62871813,rs4345376,A,G
chr6,63692028,.,C,CA
chr6,85677502,.,G,GA
chr6,116983480,rs58606454,CT,C
chr6,132744087,.,C,T
chr6,132744139,.,A,C
chr6,132744140,.,T,C
chr6,132744142,.,A,ATG
chr6,132744144,.,A,ACTCTGCGTTG
chr6,144181329,.,T,A
chr6,154195939,.,G,GCCCA
chr6,154195941,.,G,GTA
chr6,159679373,.,T,TCCC
chr6,159679374,.,A,ATGTACTCTGCGTTG
chr6,159679376,.,A,T
chr6,159685389,rs2758333,C,T
chr6,159685397,.,C,CCCCATGT
chr6,159685400,.,G,T
chr6,159689926,rs2495277,C,G
chr6,159689961,.,G,GA
chr6,159689979,rs2758335,G,A
chr6,159690042,rs2758336,G,A
chr6,159690049,rs2758337,T,C
chr6,159690202,rs2758338,G,A
chr7,5527482,.,G,A
chr7,5528665,.,G,A
chr7,5529284,.,G,A
chr7,5529308,.,C,T
chr7,16116514,.,C,A
chr7,16116525,.,C,T
chr7,16116526,.,C,G
chr7,26331275,.,T,C
chr7,33673131,rs1551099,A,G
chr7,37182624,.,C,T
chr7,48502551,.,CTG,C
chr7,48502556,.,T,TTA
chr7,67073998,.,T,C
chr7,67074006,.,C,T
chr7,67074013,.,T,C
chr7,67074023,.,A,T
chr7,67074030,.,C,A
chr7,77642486,rs10269528,C,T
chr7,77642591,rs111859304,C,T
chr7,77642601,.,A,G
chr7,77642686,.,A,G
chr7,77642728,.,G,A
chr7,93131184,.,T,TGGTGCCGTGACTCGGATACG
chr7,93131186,.,A,ACCGAGGTTGCTGCGGCCACAACCCCATGTACTCTGCGTTGAT
chr7,102538179,.,T,C
chr7,102538279,.,CA,C
chr7,102637154,.,T,C
chr7,102637285,.,T,C
chr7,102637314,.,T,C
chr7,102637340,.,T,C
chr7,106251007,.,T,TCCC
chr7,106251008,.,A,ATGTACTCTGCGTTG
chr7,106251010,.,A,T
chr7,143390983,rs144114027,C,T
chr7,149764551,.,C,CTCCCA
chr7,149764553,.,G,GTACTCTGCGTT
chr7,149764555,.,G,A
chr7,151697657,rs56765232,A,G
chr8,19181825,rs62493772,C,T
chr8,22687242,.,C,CTCCCA
chr8,22687244,.,G,GT
chr8,23525691,rs7008867,G,A
chr8,23525895,rs7010306,C,T
chr8,23526219,.,T,TCCC
chr8,23526222,.,C,G
chr8,23543191,rs138326481,C,G
chr8,23543211,.,G,GACAC
chr8,23543212,.,G,GAA
chr8,23572109,.,G,A
chr8,23572203,.,T,C
chr8,23575263,rs1949160,A,C
chr8,23575311,.,A,G
chr8,47773192,.,G,GA
chr8,50490721,rs13248847,T,C
chr8,50491530,.,A,G
chr8,56003949,.,T,G
chr8,58582646,.,T,C
chr8,70156263,.,AC,A
chr8,70156553,.,G,GGGAGC
chr8,70341905,.,T,TCCCATGTACTCTGCGTTG
chr8,70341908,.,T,A
chr8,73858979,.,CGTGTGTGT,C
chr8,73858991,.,T,C
chr8,73859081,.,C,CTCCCA
chr8,73859083,.,G,GT
chr8,75619646,rs2922774,A,C
chr8,81521719,.,G,A
chr8,81521731,.,T,C
chr8,89951327,.,AAAAAGATTAAAGCAT,A
chr8,97124213,.,A,G
chr8,102869203,.,G,A
chr8,102869205,rs2679740,C,T
chr8,102869272,.,A,G
chr8,102869344,.,A,G
chr8,102869366,.,C,T
chr8,123013442,rs7160,C,A
chr8,124311772,.,TAAAGA,T
chr8,124311779,.,A,C
chr8,124311780,.,A,C
chr8,125438044,.,ATTTTG,A
chr8,132802270,.,T,C
chr8,141240851,rs10103294,T,C
chr8,143580585,.,C,T
chr9,27097795,rs613009,G,A
chr9,27555730,.,C,CT
chr9,27555781,.,T,TCCCA
chr9,27555782,.,G,T
chr9,27555784,.,A,T
chr9,80591425,rs6559561,A,C
chr9,85464949,rs13301863,C,T
chr9,93121676,rs1127851,A,T
chr9,93121785,.,G,A
chr9,93121846,.,G,C
chr9,93121847,.,G,C
chr9,93121848,.,A,C
chr9,93121852,.,T,TACTCTGCGTTGATACCACTGCTTC
chr9,125867458,.,A,G
chr9,132328198,.,C,CT
chr10,893195,.,T,C
chr10,6218754,rs11257349,T,G
chr10,6218844,.,C,T
chr10,6219026,.,A,G
chr10,6219047,.,C,T
chr10,6219109,.,G,A
chr10,7892822,rs369773645,T,C
chr10,11330056,.,C,CT
chr10,11330252,rs6602492,G,C
chr10,11330336,.,T,A
chr10,17237358,.,T,C
chr10,17237529,.,C,CT
chr10,19881457,.,T,G
chr10,19881458,.,G,T
chr10,37594221,rs2384719,T,C
chr10,69104527,.,CA,C
chr10,69104641,rs7377,G,T
chr10,69104740,.,CT,C
chr10,80155694,.,G,A
chr10,80155808,.,C,CTCCCA
chr10,80155810,.,G,GTACTCTGC
chr10,87948916,.,T,C
chr10,89307442,.,T,G
chr10,92227710,.,G,A
chr10,92227924,.,T,TCCCATGTACTCTGC
chr10,97397237,rs7896100,C,T
chr10,103083508,.,T,C
chr10,104309388,.,G,A
chr10,104347274,.,C,T
chr10,112989191,.,C,G
chr10,133262741,.,C,T
chr10,133262780,.,G,A
chr11,315138,.,T,C
chr11,1868895,.,C,T
chr11,1892147,rs548195,A,G
chr11,9152737,.,C,T
chr11,9152774,.,C,T
chr11,9152929,.,C,T
chr11,9174584,.,T,C
chr11,9174898,.,C,CCCATGT
chr11,9976108,.,T,C
chr11,9976128,.,C,T
chr11,9976171,.,T,C
chr11,9976263,.,T,G
chr11,9976537,.,T,C
chr11,9976576,.,T,C
chr11,10509922,.,T,C
chr11,10509928,.,T,C
chr11,16738646,.,C,G
chr11,55038917,rs1916364,G,A
chr11,61964891,.,ACTGCAAAACAATGGGGAAGACAGTTAGTGGGCAGCTTTCCCAATCCCTAAGGCAAATGATTTCCTCCATTTATTTCCTGGGGTTCCAATACTCAC,A
chr11,61965020,.,C,T
chr11,61967459,.,G,A
chr11,61967537,.,C,T
chr11,61967630,.,C,CCCCCA
chr11,61967633,.,G,T
chr11,61967634,.,C,A
chr11,64853046,rs12573,G,A
chr11,64853053,.,C,T
chr11,64853076,.,C,T
chr11,64853155,rs3842268,TG,T
chr11,65499600,.,T,A
chr11,65592878,.,A,G
chr11,65650661,.,A,G
chr11,77734727,.,C,T
chr11,77734728,.,A,G
chr11,85993191,rs34766621,A,G
chr11,117070864,.,T,C
chr11,117070890,.,T,C
chr11,117070891,.,T,C
chr11,117070923,.,T,C
chr11,117070927,.,T,C
chr11,117085230,.,G,A
chr11,117085343,.,T,C
chr11,117085345,.,T,C
chr11,117085354,.,T,C
chr11,117085373,.,T,C
chr12,7755213,rs10744038,T,C
chr12,7919621,.,G,T
chr12,7919830,.,G,GA
chr12,7919835,.,G,A
chr12,7920645,.,A,G
chr12,19385880,rs7975615,T,A
chr12,19386106,rs7963966,G,A
chr12,19386112,.,C,T
chr12,19386118,.,C,G
chr12,19386121,.,A,G
chr12,53371827,.,A,T
chr12,53371844,rs1880891,G,A
chr12,53371876,.,A,G
chr12,53371877,.,A,G
chr12,55725847,.,A,C
chr12,55725849,.,C,CATGTACTCTGCGTTGAT
chr12,55821254,.,C,CCCA
chr12,55821257,.,A,T
chr12,56117770,.,G,A
chr12,58110361,.,C,T
chr12,64484010,.,TACACACACACAC,T
chr12,64484057,.,G,A
chr12,70242658,.,C,CA
chr12,89637556,.,G,A
chr12,89640073,.,T,C
chr12,104720731,rs10711712,GA,G
chr12,121267633,.,C,T
chr12,121267677,rs2686347,A,G
chr12,122701362,.,GA,G
chr12,122701365,.,G,A
chr12,122701368,.,C,T
chr12,122701371,.,GCACC,G
chr12,122715017,.,T,TCCC
chr12,122715018,.,A,ATGT
chr12,122715021,.,A,T
chr13,24277385,.,A,T
chr13,24277390,.,C,G
chr13,24277392,.,C,A
chr13,29842015,.,A,T
chr13,29842060,rs278035,C,T
chr13,29842077,.,G,A
chr13,29842202,rs2025604,C,T
chr13,29842259,.,G,GTCCCA
chr13,29842261,.,G,GT
chr13,29842263,.,T,C
chr13,30764301,.,C,T
chr13,41197070,rs9566715,G,A
chr13,46126044,.,T,C
chr13,46126479,.,GTAGGGGTGCTATTGATTGGCACATATTGTCCCCCCTGGAGTT,G
chr13,46127098,rs1409430,A,T
chr13,46127182,.,G,GTCCCA
chr13,46127185,.,T,TACTCTGC
chr13,46127187,.,A,T
chr13,46127190,.,T,A
chr13,46127192,.,T,A
chr13,46676996,.,T,A
chr13,46677015,.,A,G
chr13,48406098,rs149013062,C,CTG
chr13,113596900,rs12429354,A,G
chr13,113596991,.,G,A
chr13,113597133,rs9577579,T,G
chr13,113597134,rs9577580,G,T
chr14,34825208,rs7147682,T,C
chr14,34825447,.,CAAAAAAAAAAAAAAA,C
chr14,34825608,.,T,TCCC
chr14,34825609,.,A,AT
chr14,34825612,.,A,ACTC
chr14,34825614,.,G,GCGTTGAT
chr14,35401651,.,T,TCCCATGTACTCTGCGTTG
chr14,35402070,.,A,G
chr14,35402478,.,T,TCCC
chr14,35402479,.,A,ATGTACTCTGC
chr14,35404478,.,G,A
chr14,60137811,.,C,T
chr14,60137931,.,T,TA
chr14,68701491,rs61984966,C,A
chr14,68802463,.,C,CTCCCA
chr14,68802465,.,G,GTACTCTGC
chr14,68802468,.,T,TGATA
chr14,73353381,.,C,CCCCCA
chr14,73353384,.,G,T
chr14,73353385,.,C,A
chr14,73412368,.,T,C
chr14,73412505,rs112752616,T,C
chr14,73412544,.,T,C
chr14,73412564,.,T,C
chr14,73412571,rs8015382,A,G
chr14,73425086,.,T,TTCCCA
chr14,73425089,.,T,TACTCTGCGTTGA
chr14,74177480,rs34353375,AAT,A
chr14,75529809,.,A,G
chr14,75529873,rs2540112,G,T
chr14,75529881,rs2540113,A,G
chr14,77529772,rs28417590,G,A
chr14,95777496,rs6575546,C,G
chr14,95777554,rs6575547,C,T
chr14,102808462,.,G,A
chr15,34982384,.,A,AT
chr15,43792364,.,C,T
chr15,43793911,.,T,C
chr15,44717976,.,G,A
chr15,58183434,.,T,TA
chr15,58183568,.,G,A
chr15,63103613,rs2729830,G,C
chr15,63103644,rs34111083,TGA,T
chr15,63104391,.,T,C
chr15,63104395,.,C,A
chr15,63104398,.,T,TTAAAAC
chr15,64867598,rs3183338,T,G
chr15,64867644,.,C,T
chr15,64867767,.,A,G
chr15,64952787,.,CCTT,C
chr15,64952861,.,T,TTCTTCC
chr15,64954172,.,TTTCTTCTTCTTCTCCTTCTTTCTTGTTCCTTATTCTTTTCTTC,T
chr15,64954436,rs111067745,G,T
chr15,64954540,.,CCTT,C
chr15,64954633,.,T,TTTC
chr15,64954718,.,T,TCTC
chr15,64954744,.,C,CTTCT
chr15,64954846,.,CCTT,C
chr15,64954865,.,C,CCTT
chr15,64954877,.,C,CCTT
chr15,64954925,.,C,CCCCATG
chr15,64954927,.,T,A
chr15,64954938,.,T,TTCTTCCCA
chr15,64954941,.,T,TA
chr15,64954946,.,T,G
chr15,64954948,.,T,G
chr15,64955119,.,T,C
chr15,64955122,.,T,C
chr15,64955126,.,T,C
chr15,64955130,.,T,C
chr15,64955131,.,G,C
chr15,64955133,.,A,ATGT
chr15,64955151,.,T,C
chr15,64955159,.,T,C
chr15,64955192,.,T,C
chr15,64959610,.,T,C
chr15,64959626,.,T,C
chr15,64959694,.,T,C
chr15,64959700,.,T,C
chr15,79960957,.,A,G
chr15,83122005,.,T,TTATTC
chr15,92989103,.,C,T
chr15,94262829,rs6497193,G,C
chr15,94262837,.,A,C
chr15,94262838,.,T,TCTGCG
chr16,2291131,.,T,A
chr16,2291134,.,C,A
chr16,3060423,.,A,G
chr16,3060521,.,T,A
chr16,11372164,rs12919666,G,A
chr16,11472238,.,G,A
chr16,11472277,.,C,A
chr16,11548314,.,G,A
chr16,11548811,.,G,GT
chr16,11548841,rs1198,A,G
chr16,20890999,.,AT,A
chr16,22445951,.,G,A
chr16,22493425,.,A,G
chr16,22493638,.,A,G
chr16,22493639,.,A,G
chr16,22493642,.,A,G
chr16,24154294,rs374747,T,C
chr16,26979811,rs4522426,G,C
chr16,26979812,rs4513104,T,A
chr16,48552585,.,C,CG
chr16,48552589,.,T,A
chr16,48552590,rs188434107,C,T
chr16,48585702,.,C,"CT,CTT"
chr16,50651490,rs7195532,G,C
chr16,50651578,rs7201667,C,T
chr16,50651993,.,G,A
chr16,50652046,.,G,A
chr16,50652275,.,C,T
chr16,67813016,.,A,G
chr16,67813045,.,T,C
chr16,81498535,rs62046565,C,G
chr16,81498660,rs12448434,G,A
chr16,81520549,.,AGGGAGGGAGGGAGGAAGGGG,A
chr16,88643511,.,T,C
chr17,398750,.,C,T
chr17,398801,.,T,C
chr17,1640894,.,C,T
chr17,7014376,.,G,A
chr17,8845828,.,A,T
chr17,8845830,.,A,G
chr17,8845834,.,A,G
chr17,8845844,.,C,G
chr17,8845851,.,C,G
chr17,8845854,.,T,G
chr17,8845856,.,A,G
chr17,8845861,.,T,C
chr17,8845862,.,G,A
chr17,8845865,.,G,A
chr17,8845868,.,T,C
chr17,9915653,rs1047365,T,A
chr17,9915664,.,T,TTCCCA
chr17,9915666,.,G,GT
chr17,9915668,.,C,CTCTGCGT
chr17,9915672,.,A,T
chr17,15960882,.,A,ATAAAATAAAATAAAT
chr17,15960886,.,G,GAAA
chr17,15960887,.,T,TAAAATAAAATAAAATCG
chr17,15960899,.,A,G
chr17,16224164,.,A,G
chr17,16224168,.,T,C
chr17,21033661,.,G,GCCC
chr17,21033663,.,A,ATGTAC
chr17,28648908,.,C,T
chr17,28648936,.,G,A
chr17,28879896,.,T,TCCCATGTACTCTGCGTTG
chr17,28879898,.,G,T
chr17,29736786,.,CA,C
chr17,42199251,.,C,CT
chr17,42199435,.,C,CATGTACTCTGCGTTGA
chr17,42199445,.,G,GA
chr17,42313598,rs1053023,T,C
chr17,42313892,rs1053005,T,C
chr17,42315168,.,T,TCCC
chr17,42315170,.,A,T
chr17,42315171,.,A,G
chr17,45212546,.,G,A
chr17,45212701,.,C,T
chr17,59735473,.,A,ACTC
chr17,59735474,.,G,C
chr17,59735476,.,A,C
chr17,59840411,.,C,CA
chr17,60366178,.,A,G
chr17,60366570,.,A,AT
chr17,67723500,.,T,A
chr17,67723502,.,T,C
chr17,72369836,.,G,A
chr17,72369852,.,C,T
chr17,75175131,.,C,A
chr17,75236913,.,G,A
chr17,75237077,.,A,AT
chr17,75237103,.,A,G
chr17,75237503,.,CG,C
chr17,75237504,rs79858696,G,"*,C"
chr17,75237506,.,T,C
chr17,75237742,.,CTTA,C
chr17,75237748,.,CTGGG,C
chr17,75237756,.,G,T
chr17,75237758,.,C,T
chr17,75706435,.,G,GT
chr17,75706574,.,C,T
chr17,75706627,.,T,C
chr17,75707673,.,G,T
chr17,75707674,.,T,A
chr17,75707676,.,C,A
chr17,80268241,rs77072070,A,G
chr17,82614752,rs1059672,A,G
chr17,82614760,.,G,C
chr17,82614762,.,T,C
chr17,82614765,.,GCAGGTTT,G
chr18,12869260,.,T,TTCCCA
chr18,12869262,.,G,GT
chr18,63418543,.,G,GA
chr18,63418545,.,G,GC
chr18,63418548,.,T,A
chr18,63418550,.,C,G
chr18,63420387,.,G,A
chr19,376632,rs4897961,T,A
chr19,376653,rs4897963,C,G
chr19,970630,rs4438418,A,G
chr19,1272969,.,C,T
chr19,2074810,.,T,C
chr19,2074811,.,G,A
chr19,2269540,.,C,T
chr19,2271924,.,G,A
chr19,2273239,.,G,GTAAA
chr19,4854010,rs8107909,C,G
chr19,4854258,.,T,TATCCC
chr19,4854262,.,C,T
chr19,4854263,.,AGAGGG,A
chr19,4854272,.,TCC,T
chr19,4854285,.,A,T
chr19,4977467,rs418115,T,C
chr19,4977646,.,T,C
chr19,4977733,rs753842,C,T
chr19,4978192,rs388022,T,C
chr19,4978235,rs491110,A,G
chr19,4978455,rs858353,T,C
chr19,5077399,.,G,A
chr19,6661351,.,A,C
chr19,6661354,.,T,A
chr19,6844528,.,C,G
chr19,6844529,.,T,TAC
chr19,6844533,.,A,G
chr19,6844534,.,A,C
chr19,6844536,.,TG,T
chr19,6844539,.,G,GA
chr19,8492008,.,T,C
chr19,8492024,.,T,C
chr19,8492060,.,T,C
chr19,8492069,.,T,C
chr19,8492070,.,TACAGG,T
chr19,8492077,.,A,C
chr19,8563205,.,CTGG,C
chr19,8563209,.,T,TCC
chr19,8563211,.,T,A
chr19,8563214,.,A,T
chr19,10273843,.,G,A
chr19,10273947,rs5030348,A,G
chr19,10334712,.,G,A
chr19,10334735,.,C,CATGTACTCTGCGTTGATA
chr19,10784994,rs10412695,T,C
chr19,12792871,.,C,G
chr19,13153256,.,C,T
chr19,13834747,.,ACACC,A
chr19,13834759,.,C,CCGTGCCTGG
chr19,13837790,.,C,CT
chr19,13837902,.,T,C
chr19,13837925,.,T,TTCCCATGTACTCTGCGTTGA
chr19,14216841,.,A,T
chr19,15689521,rs10410357,A,G
chr19,15689616,.,AGG,A
chr19,18279922,.,A,AT
chr19,35447911,.,G,GA
chr19,35447923,rs199915398,C,A
chr19,35453473,rs7259244,C,T
chr19,39409276,.,CT,C
chr19,40232584,.,G,T
chr19,41905011,.,G,A
chr19,41905994,.,G,T
chr19,41907175,.,G,A
chr19,43652249,.,A,ATTCCCATGTACTCTGCG
chr19,43656553,.,T,TCCCATGTACTCTGC
chr19,43656555,.,G,T
chr19,43656557,.,G,GATA
chr19,43659704,.,G,A
chr19,43659838,.,A,ACCC
chr19,43659839,.,A,ATGTACTCT
chr19,43659841,.,C,CGTTG
chr19,43659848,.,G,C
chr19,43659851,.,G,A
chr19,43659852,.,A,T
chr19,43659855,.,T,A
chr19,43661467,.,G,A
chr19,45526896,rs10995,G,A
chr19,48966823,.,C,T
chr19,51745880,.,G,A
chr19,54173662,rs2556359,G,C
chr19,54173710,.,A,ATCCCATGTACTC
chr19,54173713,.,C,CGTTGAT
chr19,54193481,.,T,C
chr19,54489606,rs79543930,A,G
chr20,4024544,.,C,T
chr20,4024575,.,G,A
chr20,4024581,.,C,T
chr20,4024586,.,G,A
chr20,28865162,.,G,A
chr20,32059279,rs11272727,T,TCTTCCTTC
chr20,32059419,rs140863550,C,CTCTT
chr20,32059511,rs142986284,CTTT,C
chr20,32059518,rs7509404,T,C
chr20,32059614,.,A,G
chr20,32064035,rs6089159,T,G
chr20,32064060,.,A,G
chr20,32089827,rs76175734,G,A
chr20,38394807,.,C,T
chr20,41386342,.,T,TG
chr20,45253147,.,C,CTTGGGTTTGGGGTCCCATGTACTCTGCGTTGATACCACTG
chr20,45811224,.,C,T
chr20,48653466,.,A,G
chr20,49257484,.,G,A
chr20,50277613,.,C,CTTCCTCCCAGCAGCTCCTACAAACA
chr20,56369735,rs8173,C,G
chr20,56369904,rs6099119,A,G
chr20,63923119,.,C,T
chr20,63923120,.,A,G
chr21,14491386,.,G,A
chr21,26055276,rs2830029,C,T
chr21,33543091,.,C,T
chr21,37427130,.,A,G
chr22,11251795,.,A,G
chr22,11251822,.,T,C
chr22,11487020,.,CT,C
chr22,11630331,.,C,CGG
chr22,11630332,.,A,G
chr22,11630337,.,A,G
chr22,11630342,.,A,G
chr22,11630377,.,T,C
chr22,17112155,.,C,T
chr22,17753100,rs4819627,A,G
chr22,17753101,rs5747340,G,A
chr22,17753250,.,A,G
chr22,17753269,rs181409,C,G
chr22,31261322,rs7289337,C,T
chr22,31261463,rs5749243,A,G
chr22,31265180,.,T,C
chr22,31265181,.,G,A
chr22,31272374,.,C,T
chr22,31272501,.,A,T
chr22,31272503,.,G,C
chr22,31272505,.,C,CTGCGTTGATA
chr22,36260191,rs136155,G,A
chr22,36281507,.,T,TA
chr22,36861813,rs2413426,G,A
chr22,38952789,.,G,A
chr22,38953404,.,A,G
chr22,38953407,.,A,G
chr22,40181756,.,A,G
chr22,40181763,.,A,G
chr22,49962743,.,G,A
chr22,49962944,.,C,T
chr22,49963519,.,G,A
chr22,49963768,rs13811,C,T
chr22,50525917,.,CCCTGCAGAGCGAGGGGCTGTTAGAGGCCGCGCGGCCGGAGCTGGGCGGGGGTGCGGGGCCAGCAGGGCGGGGGCGGCGCTCA,C
chr22,50526070,.,C,T
chr22,50540091,rs131787,C,T
chrX,1354393,rs6603273,A,C
chrX,1354508,rs7060570,A,G
chrX,1393757,.,C,A
chrX,1393850,rs34328881,C,"CT,CTT"
chrX,1394010,.,A,AT
chrX,1394407,.,T,TGTACTC
chrX,1394410,.,C,CG
chrX,1394412,.,T,TGATA
chrX,2356715,rs56050919,T,G
chrX,2356732,rs7055353,G,A
chrX,2388952,rs28546916,C,T
chrX,23128701,.,A,G
chrX,23128703,.,A,G
chrX,40606588,.,T,G
chrX,48907318,.,G,A
chrX,54563749,.,G,A
chrX,54563751,rs5960314,T,A
chrX,71107718,.,C,CTCCCA
chrX,71107720,.,G,GTAC
chrX,74200258,.,C,T
chrY,11539307,.,T,A
chrY,11539375,.,T,G
chrY,13471758,.,G,A
chrM,716,.,T,C
chrM,1811,.,A,ATTTTT
chrM,1812,.,CCA,C
chrM,2617,.,A,T
chrM,3077,.,C,T
chrM,6225,.,T,TGTA
chrUn_KI270438v1,102107,.,A,T
chrUn_KI270438v1,102133,.,T,A
chrUn_KI270438v1,105156,.,A,G
chrUn_KI270438v1,105158,.,T,TG
chrUn_KI270438v1,105159,.,A,C
chrUn_KI270438v1,105196,.,C,G
chrUn_KI270438v1,105201,.,T,C
chrUn_KI270438v1,106132,.,G,C
chrUn_KI270745v1,24356,.,G,A
chrUn_KI270745v1,24414,.,T,C
chrUn_KI270745v1,24415,.,T,G
ERCC-00002,323,.,T,C
ERCC-00002,599,.,A,C
ERCC-00002,1036,.,T,A
ERCC-00074,45,.,G,T
ERCC-00074,54,.,TAGG,T
ERCC-00074,139,.,C,CA
ERCC-00074,368,.,T,C
ERCC-00074,488,.,G,GT
ERCC-00096,773,.,C,CA
ERCC-00108,727,.,A,C
ERCC-00108,997,.,T,C
ERCC-00108,998,.,A,G
ERCC-00113,202,.,C,T
ERCC-00116,1480,.,ATTC,A
