chrom,start_pos,end_pos,outfile
17,7674241,7674241,TP53_S241F
7,55161562,55161562,EGFR_R521K
2,177234076,177234076,NFE2L2_G81S
7,55174773,55174787,EGFR_E746_A750delELREA
17,7674239,7674239,TP53_C242S
2,177231362,177231362,NFE2L2_S414N
13,32332592,32332592,BRCA2_N372H
17,7676215,7676215,TP53_L52P
17,7676154,7676154,TP53_P72R
19,10492087,10492087,KEAP1_R272H
2,177231085,177231085,NFE2L2_K506N
12,25245351,25245351,KRAS_G12C
7,55174771,55174785,EGFR_K745_A750T
17,7676040,7676040,TP53_Y110C
19,4095413,4095413,MAP2K2_D341N
19,10486751,10486751,KEAP1_S592R
19,10994969,10994969,SMARCA4_R521W
19,10994933,10994933,SMARCA4_A509S
19,10499687,10499687,KEAP1_R116W
7,55142322,55142322,EGFR_G42D
19,10499609,10499609,KEAP1_T142M
19,10491634,10491634,KEAP1_G423V
19,4099224,4099224,MAP2K2_R299M
7,55191822,55191822,EGFR_L858R
19,10489732,10489732,KEAP1_R483H
19,10492091,10492091,KEAP1_V271M
17,7675088,7675088,TP53_V175L
19,10989378,10989378,SMARCA4_G394W
2,177231357,177231357,NFE2L2_H416Y
19,10492052,10492052,KEAP1_Q284*
19,10499811,10499811,KEAP1_Q75*
17,7676576,7676576,TP53_A7V
17,7675072,7675072,TP53_E180K
19,4095421,4095421,MAP2K2_F338Y
19,4123811,4123811,MAP2K2_P22S
2,177231354,177231354,NFE2L2_V417L
17,7676001,7676001,TP53_R123W
17,7675175,7675175,TP53_G146W
15,66435103,66435103,MAP2K1_F53L
7,116699997,116699997,MET_K305*
12,25245347,25245347,KRAS_G13D
7,55152627,55152627,EGFR_A237V
19,10491736,10491736,KEAP1_D389Y
17,7674230,7674230,TP53_G245D
2,177234232,177234232,NFE2L2_D29H
19,10499685,10499685,KEAP1_E117K
17,7673776,7673776,TP53_R282W
19,11041479,11041479,SMARCA4_A1448V
2,177234071,177234071,NFE2L2_E82D
12,25225628,25225628,KRAS_A146P
12,25227341,25227341,KRAS_Q61H
13,32332343,32332343,BRCA2_N289H
17,7676037,7676037,TP53_L111Q
19,10499570,10499570,KEAP1_V155A
19,10499463,10499463,KEAP1_A191T
7,140753336,140753336,BRAF_V600E
19,10499750,10499750,KEAP1_A95S
17,7675148,7675148,TP53_F155V
7,55205284,55205284,EGFR_R1100S
1,162754686,162754686,DDR2_R83H
4,55114137,55114137,KDR_P263T
17,7675088,7675088,TP53_R175H
19,10492201,10492201,KEAP1_R234P
19,10489744,10489744,KEAP1_D479G
19,4117495,4117495,MAP2K1_A76S
19,10499451,10499451,KEAP1_G195V
3,181713016,181713016,SOX2_G219V
19,10499914,10499914,KEAP1_A40V
19,10489270,10489270,KEAP1_W544C
19,10499816,10499816,KEAP1_S73I
14,61727632,61727632,HIF1a_M250I
7,116700028,116700028,MET_N315S
19,11030831,11030831,SMARCA4_G1162C
19,10491812,10491812,KEAP1_G364D
19,10492070,10492070,KEAP1_P278S
3,41225412,41225412,CTNNB1_P192S
19,10499535,10499535,KEAP1_V167F
12,25227342,25227342,KRAS_Q61L
8,116847688,116847688,RAD21_A570S
19,10491647,10491647,KEAP1_G419W
12,25225627,25225627,KRAS_A146V
19,10499447,10499447,KEAP1_C196F
3,41225206,41225206,CTNNB1_Q165H
7,116699090,116699090,MET_K2N
19,10492146,10492146,KEAP1_W252C
19,10492231,10492231,KEAP1_S224Y
19,10491614,10491614,KEAP1_G430S
19,11025496,11025496,SMARCA4_F1052L
4,55110705,55110705,KDR_R347H
2,177231065,177231065,NFE2L2_N513I
19,11021951,11021951,SMARCA4_A948V
5,31410836,31410836,DROSH_E1193*
2,177234247,177234247,NFE2L2_W24R
2,177234205,177234205,NFE2L2_D38H
9,136517880,136517880,NOTCH1_C438Y
3,41236392,41236392,CTNNB1_G616E
17,7673772,7673772,TP53_R283P
7,116775087,116775087,MET_H1097D
17,7673793,7673793,TP53_A276D
9,136517893,136517893,NOTCH1_G434fs*197
19,10491820,10491820,KEAP1_P361L
17,7676096,7676096,TP53_W91*
8,116861932,116861932,RAD21_D95H
8,116850710,116850710,RAD21_P510T
17,39725808,39725808,HER2_Q943*
7,140781611,140781611,BRAF_G466E
7,140734613,140734613,BRAF_A762E
19,10491652,10491652,KEAP1_G417E
7,55201301,55201301,EGFR_Q1020H
19,10491797,10491797,KEAP1_V369L
19,10499617,10499617,KEAP1_F139L
19,4110619,4110619,MAP2K2_Q114*
7,55161606,55161606,EGFR_V536M
19,10491638,10491638,KEAP1_D422N
5,31401468,31401468,DROSH_E1363D
19,10489671,10489671,KEAP1_M503K
2,177234238,177234238,NFE2L2_D27H
2,177231213,177231213,NFE2L2_L464V
19,10499898,10499898,KEAP1_Q46*
7,55165323,55165323,EGFR_P589L
17,39725808,39725808,ERBB2_Q943*
17,7676071,7676071,TP53_Q100*
17,7676239,7676239,TP53_C44Y
3,47017231,47017231,SETD2_W2016C
7,55201281,55201281,EGFR_D1014N
19,10491936,10491936,KEAP1_K323fs*5
3,41236424,41236424,CTNNB1_A627S
12,25245350,25245350,KRAS_G12A
12,25209809,25209809,KRAS_C185S
17,39725383,39725383,HER2_T902S
3,189864331,189864331,TP63_A227S
19,1226535,1226535,STK11_A397V
17,7675165,7675165,TP53_C149W
17,7676587,7676587,TP53_C3W
8,38457439,38457439,FGFR1_S3I
1,162780167,162780167,DDR2_S830N
8,38413716,38413716,FGFR1_S794F
2,177234240,177234240,NFE2L2_Q26L
1,162761275,162761275,DDR2_R307L
12,25245351,25245351,KRAS_G12F
19,1220408,1220408,STK11_C167R
17,39725730,39725730,ERBB2_T917S
3,41233547,41233547,CTNNB1_L402F
19,10499522,10499522,KEAP1_C171F
19,10499667,10499667,KEAP1_V123L
19,10489321,10489321,KEAP1_G527F
4,55106768,55106768,KDR_W485C
4,55079996,55079996,KDR_T1339K
1,162778641,162778641,DDR2_T782I
4,55115341,55115341,KDR_N143K
19,11060112,11060112,SMARCA4_E1612*
19,10499704,10499704,KEAP1_M110I
17,7673755,7673755,TP53_A289T
14,36519215,36519215,NKX2-1_T38M
17,7674230,7674230,TP53_G245R
13,48349008,48349008,RB1_L199fs*2
19,11025432,11025432,SMARCA4_G1031V
15,66387390,66387390,MAP2K1_P15S
19,10492198,10492198,KEAP1_D235A
19,4095420,4095420,MAP2K2_F338L
7,55201297,55201297,EGFR_P1019L
13,48342623,48342623,RB1_E97fs*13
12,25245348,25245348,KRAS_G13C
7,55174797,55174797,EGFR_K754E
7,55191817,55191817,EGFR_F856L
13,48342695,48342695,RB1_Q121*
17,7674232,7674232,TP53_G244D
19,4101235,4101235,MAP2K2_R194H
17,7676218,7676218,TP53_Q51H
17,7674954,7674954,TP53_H193L
17,7676048,7676048,TP53_Y107*
15,66436777,66436777,MAP2K1_R108Q
17,7676230,7676230,TP53_P47fs*76
17,7676060,7676060,TP53_E103K
17,7675115,7675115,TP53_S166*
15,66435117,66435117,MAP2K1_K57N
17,7674216,7674216,TP53_R249G
9,136501835,136501835,NOTCH1_A1851S
17,7675109,7675109,TP53_R168K
17,7674959,7674959,TP53_P191fs*56
3,47037678,47037678,SETD2 _D1939N
3,47056839,47056839,SETD2 _E1816*
4,86750495,86750495,PTPN13_A892T
19,10985294,10985294,SMARCA4_Q82E
19,10984305,10984305,SMARCA4_H52P
17,39700284,39700284,HER2  _A16V
2,29209870,29209870,ALK_A1251D
2,29532108,29532108,ALK_K321R
8,116857381,116857381,RAD21_L192V
8,116856698,116856698,RAD21_M254I
8,116856253,116856253,RAD21_V284F
8,116852642,116852642,RAD21_A410S
7,55191819,55191819,EGFR_G857V
7,55191776,55191776,EGFR_V843L
7,55191741,55191741,EGFR_R831H
7,116699377,116699377,MET_C98F
5,31409105,31409105,DROSH_E1275*
4,86750817,86750817,PTPN13_H1000L
4,86689078,86689078,PTPN13_S145F
4,55121164,55121164,KDR_P32T
4,55104668,55104668,KDR_C654*
4,55094856,55094856,KDR_A973S
4,55089999,55089999,KDR_A1050V
3,52407417,52407417,BAP1_A140V
3,41239213,41239213,CTNNB1_M739I
3,41225476,41225476,CTNNB1_C213F
3,41224622,41224622,CTNNB1_S37F
3,41224606,41224606,CTNNB1_D32N
3,189864383,189864383,TP63_R244L
2,177234237,177234237,NFE2L2_D27G
2,177234217,177234217,NFE2L2_R34G
2,177234216,177234216,NFE2L2_R34Q
2,177234088,177234088,NFE2L2_D77H
2,177234087,177234087,NFE2L2_D77G
2,177234082,177234082,NFE2L2_E79Q
2,177234081,177234081,NFE2L2_E79V
2,177234078,177234078,NFE2L2_T80K
2,177232579,177232579,NFE2L2_S136F
2,177232558,177232558,NFE2L2_L143R
2,177231174,177231174,NFE2L2_P477S
19,1221968,1221968,STK11_G294C
19,1221320,1221320,STK11_P281L
19,1221230,1221230,STK11_G251V
19,1220704,1220704,STK11_A241P
19,1220429,1220429,STK11_G174R
19,1207121,1207121,STK11_E70*
19,1207085,1207085,STK11_G58R
19,11058316,11058316,SMARCA4_E1496*
19,11033438,11033438,SMARCA4_G1232V
19,11033327,11033327,SMARCA4_Q1195H
19,11030822,11030822,SMARCA4_L1161fs*3
19,11030733,11030733,SMARCA4_T1129S
19,11024424,11024424,SMARCA4_E1023Q
19,10996250,10996250,SMARCA4_Q544P
19,10994970,10994970,SMARCA4_R521P
19,10987797,10987797,SMARCA4_Q331*
19,10499990,10499990,KEAP1_R15L
19,10499787,10499787,KEAP1_V83F
19,10499735,10499735,KEAP1_L100P
19,10499706,10499706,KEAP1_M110V
19,10499571,10499571,KEAP1_V155F
19,10499559,10499559,KEAP1_A159P
19,10499551,10499551,KEAP1_M161I
19,10499480,10499480,KEAP1_I185N
19,10499455,10499455,KEAP1_Q193H
19,10499423,10499423,KEAP1_R204P
19,10499421,10499421,KEAP1_E205*
19,10492211,10492211,KEAP1_L231V
19,10492174,10492174,KEAP1_S243C
19,10492164,10492164,KEAP1_F246L
19,10491949,10491949,KEAP1_P318L
19,10491944,10491944,KEAP1_R320W
19,10491943,10491943,KEAP1_R320P
19,10491908,10491908,KEAP1_G332C
19,10491905,10491905,KEAP1_G333C
19,10491659,10491659,KEAP1_R415C
19,10489799,10489799,KEAP1_R460S
19,10489770,10489770,KEAP1_R470H
19,10489741,10489741,KEAP1_G480W
19,10489732,10489732,KEAP1_R483C
19,10489239,10489239,KEAP1_R554Q
19,10486720,10486720,KEAP1_G603W
19,10486694,10486694,KEAP1_E611D
18,51065549,51065549,SMAD4_R361H
17,7676570,7676570,TP53_C9*
17,7670700,7670700,TP53_R337C
14,61734187,61734187,HIF1a_K310N
14,36519122,36519122,NKX2-1_S79L
13,48362929,48362929,RB1_C278R
13,48360098,48360098,RB1_M230I
13,32398756,32398756,BRCA2_K3416fs*3
1,162772172,162772172,DDR2_K551N
1,162770381,162770381,DDR2_R458H