cell,TP53_S241F,EGFR_R521K,NFE2L2_G81S,EGFR_E746_A750delELREA,TP53_C242S,NFE2L2_S414N,BRCA2_N372H,TP53_L52P,TP53_P72R
A7_B001545,0:0,0:0,0:0,0:0,0:0,0:0,0:0,0:0,0:0
A7_B003187,0:0,0:0,0:0,0:0,0:0,0:0,0:0,0:0,0:0
A8_B003125,0:0,0:0,0:0,0:0,0:0,0:0,0:0,0:0,0:0
A3_B003067,0:0,0:0,0:0,0:0,0:0,0:0,0:0,0:0,0:0
A1_B003132,0:0,0:0,0:0,0:0,0:0,0:0,0:0,0:0,0:0
A1_1001000295,0:0,0:0,0:0,0:0,0:0,0:0,0:0,0:0,0:0
A5_B001558,0:0,0:0,0:0,0:0,0:0,0:0,0:0,0:0,0:0
A1_B003523,0:0,0:0,0:0,0:0,0:0,0:0,0:0,0:0,0:0
A4_B002572,0:0,0:0,0:0,0:0,0:0,0:0,0:0,0:0,0:0
A9_B001007,0:0,0:0,0:0,0:0,0:0,0:0,0:0,0:0,0:0
A8_B000573,0:0,0:0,0:0,0:0,0:0,0:0,0:0,0:0,0:0
A6_B001474,0:0,0:0,0:0,0:0,0:0,0:0,0:0,0:0,0:0
A3_B003528,0:0,0:0,0:0,0:0,0:0,0:0,0:0,0:0,0:0
A8_B003132,0:0,0:0,0:0,0:0,0:0,0:0,0:0,0:0,0:0
A8_B003126,0:0,13:13,0:0,0:0,0:0,0:0,0:0,0:0,0:0
A5_B000862,0:0,0:0,0:0,0:0,0:0,0:0,0:0,0:0,0:0
A3_B003070,0:0,0:0,0:0,0:0,0:0,0:0,0:0,0:0,0:0
A2_B001557,0:0,0:0,0:0,0:0,0:0,0:0,0:0,0:0,0:0
A2_B001543,0:0,0:0,0:0,0:0,0:0,0:0,0:0,0:0,0:0
A6_B003129,0:0,0:0,0:0,0:0,0:0,0:0,0:0,0:0,0:0
A3_1001000408,0:0,0:0,0:0,0:0,0:0,0:0,0:0,0:0,0:0
A1_B003642,0:0,0:0,0:0,0:0,0:0,0:0,0:0,0:0,0:0
A3_B001470,0:0,0:0,0:0,0:0,0:0,0:0,0:0,0:0,0:0
A3_B001464,0:0,0:0,0:0,0:0,0:0,0:0,0:0,0:0,0:0
A6_B001475,0:0,0:0,0:0,0:0,0:0,0:0,0:0,0:0,0:0
A7_B003191,0:0,0:0,0:0,0:0,0:0,0:0,0:0,0:0,0:0
A8_B003523,0:0,0:0,0:0,0:0,0:0,0:0,0:0,0:0,0:0
A4_B002571,0:0,0:0,0:0,0:0,0:0,0:0,0:0,0:0,0:0
A3_B003129,0:0,0:0,0:0,0:0,0:0,0:0,0:0,0:0,0:0
A3_B003115,0:0,0:0,0:0,0:0,0:0,0:0,0:0,0:0,0:0
A8_B003527,0:0,0:0,0:0,0:0,0:0,0:0,0:0,0:0,0:0
A9_B000861,0:0,0:0,0:0,0:0,0:0,0:0,0:0,0:0,0:0
A5_B003995,0:0,0:0,0:0,0:0,0:0,0:0,0:0,0:0,0:0
A2_1001000408,0:0,0:0,0:0,0:0,0:0,0:0,0:0,0:0,0:0
A6_B003528,0:0,0:0,0:0,0:0,0:0,0:0,0:0,0:0,0:0
A4_10001000325,0:0,0:0,0:0,0:0,0:0,0:0,0:0,0:0,0:0
A8_B002573,0:0,0:0,0:0,0:0,0:0,0:0,0:0,0:0,0:0
A1_B003646,0:0,0:0,0:0,0:0,0:0,0:0,0:0,0:0,0:0
A1_B003121,0:0,0:0,0:0,0:0,0:0,0:0,0:0,0:0,0:0
A1_B002571,0:0,0:0,0:0,0:0,0:0,0:0,0:0,0:0,0:0
A5_B001007,0:0,0:0,0:0,0:0,0:0,0:0,0:0,0:0,0:0
A8_B002572,0:0,0:0,0:0,0:0,0:0,0:0,0:0,0:0,0:0
A2_B003191,0:0,0:0,0:0,0:0,0:0,0:0,0:0,0:0,0:0
A9_B000860,0:0,0:0,0:0,0:0,0:0,0:0,0:0,0:0,0:0
A7_B001556,0:0,0:0,0:0,0:0,0:0,0:0,0:0,0:0,0:0
A5_1001000408,0:0,2:2,0:0,0:0,0:0,0:0,0:0,0:0,0:0
A4_B003126,0:0,0:0,0:0,0:0,0:0,0:0,0:0,0:0,0:0
A4_B003132,0:0,0:0,0:0,0:0,0:0,0:0,0:0,0:0,0:0
A7_B001554,0:0,0:0,0:0,0:0,0:0,0:0,0:0,0:0,0:0
A9_B000862,0:0,0:0,0:0,0:0,0:0,0:0,0:0,0:0,0:0
A6_B003648,0:0,0:0,0:0,0:0,0:0,0:0,0:0,0:0,0:0
A5_B001548,0:0,0:0,0:0,0:0,0:0,0:0,0:0,0:0,0:0
A1_B002572,0:0,0:0,0:0,0:0,0:0,0:0,0:0,0:0,0:0
A8_B002571,0:0,0:0,0:0,0:0,0:0,0:0,0:0,0:0,0:0
A9_B003577,0:0,0:0,0:0,0:0,0:0,0:0,0:0,0:0,0:0
A9_B003588,0:0,0:0,0:0,0:0,0:0,0:0,0:0,0:0,0:0
A9_B000863,0:0,0:0,0:0,0:0,0:0,0:0,0:0,0:0,0:0
A3_B003659,0:0,0:0,0:0,0:0,0:0,0:0,0:0,0:0,0:0
A2_B002572,0:0,0:0,0:0,0:0,0:0,0:0,0:0,0:0,17:17
A8_B003191,0:0,0:0,0:0,0:0,0:0,0:0,0:0,0:0,0:0
A6_B001548,0:0,0:0,0:0,0:0,0:0,0:0,0:0,0:0,0:0
A9_B001475,0:0,0:0,0:0,0:0,0:0,0:0,0:0,0:0,0:0
A5_B003648,0:0,0:0,0:0,0:0,0:0,0:0,0:0,0:0,0:0
A7_B003523,0:0,0:0,0:0,0:0,0:0,0:0,0:0,0:0,0:0
A7_1001000408,0:0,3:3,0:0,0:0,0:0,0:0,0:0,0:0,0:0
A9_B001474,0:0,0:0,0:0,0:0,0:0,0:0,0:0,0:0,0:0
A1_B000883,0:0,0:0,0:0,0:0,0:0,0:0,0:0,0:0,0:0
A1_B001551,0:0,0:0,0:0,0:0,0:0,0:0,0:0,0:0,0:0
A4_B001554,0:0,0:0,0:0,0:0,0:0,0:0,0:0,0:0,0:0
A7_B003126,0:0,0:0,0:0,0:0,0:0,0:0,0:0,0:0,0:0
A5_B003067,0:0,0:0,0:0,0:0,0:0,0:0,0:0,0:0,0:0
A7_B003132,0:0,0:0,0:0,0:0,0:0,0:0,0:0,0:0,0:0
A3_B001558,0:0,0:0,0:0,0:0,0:0,0:0,0:0,0:0,0:0
A9_B003115,0:0,0:0,0:0,0:0,0:0,0:0,0:0,0:0,0:0
A1_B003191,0:0,0:0,0:0,0:0,0:0,0:0,0:0,0:0,0:0
A8_B001545,0:0,0:0,0:0,0:0,0:0,0:0,0:0,0:0,0:0
A8_B003187,0:0,0:0,0:0,0:0,0:0,0:0,0:0,0:0,0:0
A3_B000862,0:0,0:0,0:0,0:0,0:0,0:0,0:0,0:0,0:0
A5_B003070,0:0,0:0,0:0,0:0,0:0,0:0,0:0,0:0,0:0
A7_B003125,0:0,0:0,0:0,0:0,0:0,0:0,0:0,0:0,0:0
A6_B003995,0:0,0:0,0:0,0:0,0:0,0:0,0:0,0:0,0:0
A9_1001000408,0:0,0:0,0:0,0:0,0:0,0:0,0:0,0:0,0:0
A4_B003191,0:0,0:0,0:0,0:0,0:0,0:0,0:0,0:0,0:0
A3_B001007,0:0,0:0,0:0,0:0,0:0,0:0,0:0,0:0,0:0
A7_B002571,0:0,0:0,0:0,0:0,0:0,0:0,0:0,0:0,0:0
A6_B000863,0:0,0:0,0:0,0:0,0:0,0:0,0:0,0:0,0:0
A7_B003518,0:0,0:0,0:0,0:0,0:0,0:0,0:0,0:0,0:0
A8_B001554,0:0,0:0,0:0,0:0,0:0,0:0,0:0,0:0,0:0
A5_B003129,0:0,0:0,0:0,0:0,0:0,0:0,0:0,0:0,0:0
A1_B001543,0:0,0:0,0:0,0:0,0:0,0:0,0:0,0:0,0:0
A6_B000862,0:0,0:0,0:0,0:0,0:0,0:0,0:0,0:0,0:0
A5_B001474,0:0,0:0,0:0,0:0,0:0,0:0,0:0,0:0,0:0
A7_B002572,0:0,0:0,0:0,0:0,0:0,0:0,0:0,0:0,6:6
A9_B001470,0:0,0:0,0:0,0:0,0:0,0:0,0:0,0:0,0:0
A8_B001543,0:0,0:0,0:0,0:0,0:0,0:0,0:0,0:0,0:0
A8_B001557,0:0,0:0,0:0,0:0,0:0,0:0,0:0,0:0,0:0
A6_B001558,0:0,0:0,0:0,0:0,0:0,0:0,0:0,0:0,0:0
A9_B003528,0:0,0:0,0:0,0:0,0:0,0:0,0:0,0:0,0:0
A8_1001000340,0:0,0:0,0:0,0:0,0:0,0:0,0:0,0:0,0:0
A2_B003132,0:0,19:19,0:0,0:0,0:0,0:0,0:0,0:0,0:0
A6_1001000408,0:0,0:0,0:0,0:0,0:0,0:0,0:0,0:0,0:0
A4_B001551,0:0,0:0,0:0,0:0,0:0,0:0,0:0,0:0,0:0
A7_B002573,0:0,0:0,0:0,0:0,0:0,0:0,0:0,0:0,0:0
A4_B003187,0:0,0:0,0:0,0:0,0:0,0:0,0:0,0:0,0:0
A9_1001000407,0:0,0:0,0:0,0:0,0:0,0:0,0:0,0:0,0:0
A9_B003647,0:0,0:0,0:0,0:0,0:0,11:136,66:66,0:0,0:0
A2_B003659,0:0,0:0,0:0,0:0,0:0,0:0,0:0,0:0,0:0
A1_B001559,0:0,0:0,0:0,0:0,0:0,0:0,0:0,0:0,0:0
A1_B000860,0:0,0:0,0:0,0:0,0:0,0:0,0:0,0:0,0:0
A8_B000863,0:0,0:0,0:0,0:0,0:0,0:0,0:0,0:0,0:0
A7_10001000325,0:0,0:0,0:0,0:0,0:0,0:0,0:0,0:0,0:0
A6_B001554,0:0,0:0,0:0,0:0,0:0,0:0,0:0,0:0,0:0
A9_B003518,0:0,0:0,0:0,0:0,0:0,0:0,0:0,0:0,0:0
A5_B003132,0:0,0:0,0:0,0:0,0:0,0:0,0:0,0:0,0:0
A7_B003067,0:0,0:0,0:0,0:0,0:0,0:0,0:0,0:0,0:0
A1_B001558,0:0,0:0,0:0,0:0,0:0,0:0,0:0,0:0,0:0
A3_B003187,0:0,0:0,0:0,0:0,0:0,0:0,0:0,0:0,0:0
A9_1001000412,3:3,5:5,0:0,0:0,0:0,0:0,0:0,0:0,0:0
A3_B003191,0:0,0:0,0:0,0:0,0:0,0:0,0:0,0:0,0:0
A9_B002572,0:0,0:0,0:0,0:0,0:0,0:0,0:0,0:0,1:1
A6_1001000412,0:0,3:3,0:0,0:0,0:0,0:0,0:0,0:0,0:0
A1_B000863,0:0,0:0,0:0,0:0,0:0,0:0,0:0,0:0,0:0
A8_B000860,0:0,0:0,0:0,0:0,0:0,0:0,0:0,0:0,0:0
A7_B001470,0:0,0:0,0:0,0:0,0:0,0:0,0:0,0:0,0:0
A7_B003528,0:0,0:0,0:0,0:0,0:0,0:0,0:0,0:0,0:0
A4_B003995,0:0,0:0,0:0,0:0,0:0,0:0,0:0,0:0,0:0
A8_B001558,0:0,0:0,0:0,0:0,0:0,0:0,0:0,0:0,0:0
A9_B003527,0:0,0:0,0:0,0:0,0:0,0:0,0:0,0:0,0:0
A2_B003115,0:0,0:0,0:0,0:0,0:0,0:0,0:0,0:0,0:0
A2_B003129,0:0,0:0,0:0,0:0,0:0,0:0,0:0,0:0,0:0
A9_B002573,0:0,0:0,0:0,0:0,0:0,0:0,0:0,0:0,0:0
A5_1001000317,0:0,0:0,0:0,0:0,0:0,0:0,0:0,0:0,0:0
A2_B001470,0:0,0:0,0:0,0:0,0:0,0:0,0:0,0:0,0:0
A4_1001000317,0:0,0:0,0:0,0:0,0:0,0:0,0:0,0:0,0:0
A5_B002571,0:0,0:0,0:0,0:0,0:0,0:0,0:0,0:0,0:0
A6_B003191,0:0,0:0,0:0,0:0,0:0,0:0,0:0,0:0,0:0
A1_B001007,0:0,0:0,0:0,0:0,0:0,0:0,0:0,0:0,0:0
A7_1001000407,0:0,0:0,0:0,0:0,0:0,0:0,0:0,0:0,0:0
A8_B001548,0:0,0:0,0:0,0:0,0:0,0:0,0:0,0:0,0:0
A7_B001474,0:0,0:0,0:0,0:0,0:0,0:0,0:0,0:0,0:0
A7_1001000412,0:0,0:0,0:0,0:0,0:0,0:0,0:0,0:0,0:0
A7_B003115,0:0,0:0,0:0,0:0,0:0,0:0,0:0,0:0,0:0
A4_B000862,0:0,0:0,0:0,0:0,0:0,0:0,0:0,0:0,0:0
A8_B001007,0:0,0:0,0:0,0:0,0:0,0:0,0:0,0:0,0:0
A5_B002572,0:0,0:0,0:0,0:0,0:0,0:0,0:0,0:0,0:0
A6_B003187,0:0,0:0,0:0,0:0,0:0,0:0,0:0,0:0,0:0
A4_B001558,0:0,0:0,0:0,0:0,0:0,0:0,0:0,0:0,0:0
A3_B001554,0:0,0:0,0:0,0:0,0:0,0:0,0:0,0:0,0:0
A4_B000861,0:0,0:0,0:0,0:0,0:0,0:0,0:0,0:0,0:0
A2_B003067,0:0,0:0,0:0,0:0,0:0,0:0,0:0,0:0,0:0
A9_B003119,0:0,0:0,0:0,0:0,0:0,0:0,0:0,0:0,0:0
A3_B003132,0:0,0:0,0:0,0:0,0:0,0:0,0:0,0:0,0:0
A1_B003067,0:0,0:0,0:0,0:0,0:0,0:0,0:0,0:0,0:0
A8_B003528,0:0,0:0,0:0,0:0,0:0,0:0,0:0,0:0,0:0
A7_B001558,0:0,0:0,0:0,0:0,0:0,0:0,0:0,0:0,0:0
A9_B001543,0:0,0:0,0:0,0:0,0:0,0:0,0:0,0:0,0:0
A6_B003527,0:0,0:0,0:0,0:0,0:0,0:0,0:0,0:0,0:0
A8_B000579,0:0,0:0,0:0,0:0,0:0,0:0,0:0,0:0,0:0
A5_B003187,0:0,0:0,0:0,0:0,0:0,0:0,0:0,0:0,0:0
A5_B001545,0:0,0:0,0:0,0:0,0:0,0:0,0:0,0:0,0:0
A6_B002572,0:0,0:0,0:0,0:0,0:0,0:0,0:0,0:0,0:0
A1_B003648,0:0,0:0,0:0,0:0,0:0,0:0,0:0,0:0,0:0
A2_1001000412,0:0,0:0,0:0,0:0,0:0,0:0,0:0,0:0,0:0
A8_B001470,0:0,0:0,0:0,0:0,0:0,0:0,0:0,0:0,0:0
A7_B000862,0:0,0:0,0:0,0:0,0:0,0:0,0:0,0:0,0:0
A5_1001000407,8:8,5:5,0:0,0:0,0:0,0:0,0:0,0:0,0:0
A1_B003528,0:0,0:0,0:0,0:0,0:0,0:0,0:0,0:0,0:0
A9_B001554,0:0,0:0,0:0,0:0,0:0,0:0,0:0,0:0,0:0
A1_B002568,0:0,0:0,0:0,0:0,0:0,0:0,0:0,0:0,0:0
A6_B002571,0:0,0:0,0:0,0:0,0:0,0:0,0:0,0:0,0:0
A7_B003577,0:0,0:0,0:0,0:0,0:0,0:0,0:0,0:0,0:0
A8_B003648,0:0,0:0,0:0,0:0,0:0,0:0,0:0,0:0,0:0
A5_B003191,0:0,0:0,0:0,0:0,0:0,0:0,0:0,0:0,0:0
A2_1001000411,0:0,0:0,0:0,0:0,0:0,0:0,0:0,0:0,0:0
A1_B001464,0:0,0:0,0:0,0:0,0:0,0:0,0:0,0:0,0:0
A1_B001474,0:0,0:0,0:0,0:0,0:0,0:0,0:0,0:0,0:0
A9_B001545,0:0,0:0,0:0,0:0,0:0,0:0,0:0,0:0,0:0
A1_B003129,0:0,0:0,0:0,0:0,0:0,0:0,0:0,0:0,0:0
A1_B003115,0:0,0:0,0:0,0:0,0:0,0:0,0:0,0:0,0:0
A2_B000862,0:0,0:0,0:0,0:0,0:0,0:0,0:0,0:0,0:0
A4_B003070,0:0,0:0,0:0,0:0,0:0,0:0,0:0,0:0,0:0
A4_B003071,0:0,0:0,0:0,0:0,0:0,0:0,0:0,0:0,0:0
A8_B003659,0:0,0:0,0:0,0:0,0:0,0:0,0:0,0:0,0:0
A4_B001464,0:0,0:0,0:0,0:0,0:0,0:0,0:0,0:0,0:0
A4_B001470,0:0,0:0,0:0,0:0,0:0,0:0,0:0,0:0,0:0
A4_1001000407,0:0,3:3,0:0,0:0,0:0,0:0,0:0,0:0,0:0
A7_B001007,0:0,0:0,0:0,0:0,0:0,0:0,0:0,0:0,0:0
A6_B003093,0:0,0:0,0:0,0:0,0:0,0:0,0:0,0:0,0:0
A3_B002573,0:0,0:0,0:0,0:0,0:0,0:0,0:0,0:0,0:0
A8_B001474,0:0,0:0,0:0,0:0,0:0,0:0,0:0,0:0,0:0
A4_1001000411,3:3,3:3,0:0,0:0,0:0,0:0,0:0,0:0,0:0
A8_B003115,0:0,0:0,0:0,0:0,0:0,0:0,0:0,0:0,0:0
A9_10001000325,0:0,0:0,0:0,0:0,0:0,0:0,0:0,0:0,0:0
A2_B001558,0:0,0:0,0:0,0:0,0:0,0:0,0:0,0:0,0:0
A6_B003132,0:0,0:0,0:0,0:0,0:0,0:0,0:0,0:0,0:0
A3_1001000412,2:2,0:0,0:0,0:0,0:0,0:0,0:0,0:0,0:0
A4_B003067,0:0,0:0,0:0,0:0,0:0,0:0,0:0,0:0,0:0
A5_B001554,0:0,0:0,0:0,0:0,0:0,0:0,0:0,0:0,0:0
A8_B001475,0:0,0:0,0:0,0:0,0:0,0:0,0:0,0:0,0:0
A3_B002572,0:0,0:0,0:0,0:0,0:0,0:0,0:0,0:0,0:0
