gene,LT_S21,LT_S65,LT_S28,LT_S02,LT_S55,LT_S03,LT_S23,LT_S79,LT_S47,LT_S45,LT_S63,LT_S42,LT_S71,LT_S08,LT_S14,LT_S11,LT_S34,LT_S16,LT_S56,LT_S51,LT_S01,LT_S66,LT_S41,LT_S69,LT_S74,LT_S72,LT_S82,LT_S58,LT_S75,LT_S05,LT_S78,LT_S53,LT_S52,LT_S67,LT_S81,LT_S48,LT_S07,LT_S49,LT_S57,LT_S54,LT_S50,LT_S80,LT_S43,LT_S13
SMARCA4,126,0,0,0,0,0,0,15,0,0,144,0,0,29,0,2,0,0,44,0,0,7,0,0,0,0,0,59,0,0,0,0,0,0,0,0,0,0,0,0,0,0,74,0
NFE2L2,1191,0,0,0,0,0,0,9,152,0,726,0,148,7,0,345,0,0,422,0,0,319,0,884,74,0,0,0,29,0,0,22,0,0,0,93,0,0,204,0,0,78,0,0
RB1,0,0,0,0,0,0,0,0,0,0,0,0,0,0,0,0,0,0,0,0,0,0,0,0,0,0,0,0,0,0,0,0,0,0,0,0,0,0,0,0,0,0,0,0
KRAS,142,0,0,0,0,0,0,0,77,12,164,0,0,0,0,0,15,0,0,0,0,174,0,63,2,0,0,0,0,0,0,0,0,0,0,100,0,0,845,0,0,0,0,0
MAP2K1,0,0,0,0,0,0,0,0,0,0,63,0,0,0,0,0,0,0,0,0,0,0,0,0,0,0,0,0,0,0,0,0,0,0,0,0,0,0,17,0,0,0,0,0
ALK,0,0,0,0,0,0,0,0,0,0,0,0,0,0,0,29,0,0,0,0,0,0,0,0,0,0,0,0,0,0,0,0,0,0,0,0,0,0,0,0,0,0,0,0
DROSH,3,0,0,0,0,0,0,0,0,0,21,0,0,0,0,0,0,0,0,0,0,0,0,0,0,0,0,0,0,0,0,0,3,0,0,0,0,0,0,0,0,0,0,0
STK11,0,0,0,0,0,0,0,0,0,0,54,0,0,0,0,0,0,0,0,0,0,0,0,131,0,0,0,0,0,0,0,0,0,0,0,0,0,0,0,0,0,0,0,0
SMAD4,0,0,0,0,0,0,0,0,0,0,0,0,0,0,0,0,0,0,0,0,0,0,0,0,0,0,0,0,0,0,0,0,0,0,0,0,0,0,0,0,0,0,0,0
CTNNB1,276,0,0,0,0,0,0,0,0,0,17,0,0,0,0,0,0,0,0,0,0,66,0,113,0,0,0,0,0,0,0,0,0,0,0,0,0,0,19,0,0,0,0,0
HER2,0,0,0,0,0,0,0,0,0,0,0,0,0,0,0,0,0,0,0,0,0,0,0,0,0,0,0,0,0,0,0,0,0,0,0,0,0,0,0,0,0,0,0,0
FGFR1,6,0,0,0,0,0,0,0,0,0,0,0,0,0,0,0,0,0,0,0,0,0,0,2,0,0,0,0,0,0,0,0,0,0,0,0,0,0,0,0,0,0,0,0
EGFR,1144,0,0,0,7,0,0,68,21,0,990,0,195,86,0,93,0,12,317,7,14,126,18,430,27,22,0,2,21,0,0,63,0,0,0,24,0,2,116,0,0,267,0,4
MET,92,0,0,0,0,0,0,0,53,0,0,0,0,0,0,0,0,0,0,0,0,0,0,0,0,0,0,0,0,0,0,0,0,0,0,0,0,0,0,0,0,0,0,0
SETD2 ,0,0,0,0,0,0,0,0,0,0,3,0,0,0,0,0,0,0,0,0,0,0,0,0,0,0,0,0,0,0,0,0,0,0,0,0,0,0,0,0,0,0,0,0
PTPN13,0,0,0,0,0,0,0,0,0,0,0,0,0,0,0,0,0,0,0,0,0,0,0,0,0,0,0,0,0,0,0,0,0,0,0,0,0,0,0,0,0,0,0,0
MAP2K2,785,0,0,0,0,0,0,0,322,0,180,0,15,0,0,0,0,0,155,0,0,0,0,113,0,0,0,11,0,0,0,0,0,0,0,46,0,0,17,0,146,0,0,0
NOTCH1,18,0,0,0,0,0,0,0,0,0,0,0,0,0,0,0,0,0,0,0,0,8,0,88,0,0,0,0,0,0,0,0,0,0,0,0,0,0,0,0,0,0,0,0
SOX2,174,0,0,0,0,0,0,0,0,0,0,0,0,0,0,105,0,0,0,0,0,0,0,0,0,0,0,0,0,0,0,0,0,0,0,0,0,0,0,0,0,0,0,0
KEAP1,597,0,0,0,41,0,108,81,56,0,708,9,74,52,0,42,0,0,178,0,0,87,0,410,60,0,0,0,0,0,25,40,0,0,0,90,150,0,302,0,33,0,0,0
HER2  ,0,0,0,0,0,0,0,0,0,0,0,0,0,0,0,0,0,0,0,0,0,0,0,0,0,0,0,0,0,0,0,0,0,0,0,0,0,0,0,0,0,0,0,0
BRCA2,39,0,0,0,0,0,0,0,0,0,69,0,9,0,0,19,0,0,142,0,0,0,0,0,0,0,0,0,0,0,0,0,0,0,0,0,0,0,19,0,0,0,0,0
DDR2,57,0,0,0,0,0,0,0,0,0,94,0,0,0,0,0,0,0,0,0,0,0,0,0,0,0,0,0,0,0,0,0,0,0,0,0,0,0,0,0,0,0,0,0
RAD21,136,0,0,0,0,0,0,0,0,0,0,0,0,0,0,0,0,0,248,26,0,0,0,0,0,0,0,0,0,0,0,0,0,0,0,0,0,0,0,0,0,0,0,0
TP53,808,2,0,0,9,0,0,105,48,0,269,0,9,39,0,137,12,3,90,0,0,127,4,432,60,0,0,2,12,3,5,48,0,0,0,0,16,0,178,0,0,0,0,2
TP63,0,0,0,0,0,0,0,0,0,0,34,0,0,0,0,0,0,0,38,0,0,0,0,0,0,0,0,0,0,0,0,0,0,0,0,0,0,0,0,0,0,0,0,0
SETD2,0,0,0,0,0,0,0,0,0,0,0,0,0,0,0,0,0,0,0,0,0,0,0,0,0,0,0,0,0,0,0,0,0,0,0,0,0,0,0,0,0,0,0,0
NKX2-1,43,0,0,0,0,0,0,0,0,0,0,0,0,0,0,0,0,0,0,0,0,0,0,0,0,0,0,0,0,0,0,0,0,0,0,0,0,0,6,0,0,0,0,0
ERBB2,0,0,0,0,0,0,0,0,0,0,0,0,0,0,0,0,0,0,0,0,0,0,0,0,0,0,0,0,0,0,0,0,0,0,0,0,0,0,0,0,0,0,0,0
KDR,49,0,0,0,0,0,0,0,0,0,0,0,0,0,0,0,0,0,42,0,0,0,0,83,0,0,0,0,0,0,0,0,32,0,0,0,0,0,0,0,0,0,0,0
HIF1a,0,0,0,0,0,0,0,0,0,0,7,0,0,0,0,0,0,0,0,0,0,0,0,0,0,0,0,0,0,0,0,0,0,0,0,0,0,0,12,0,0,0,0,0
BRAF,23,0,0,0,9,0,0,0,0,0,175,0,0,0,0,0,2,0,0,0,0,0,0,0,0,0,0,0,0,0,0,0,0,0,0,0,0,0,0,0,0,0,0,0
BAP1,0,0,0,0,0,0,0,0,0,0,0,0,0,0,0,0,0,0,0,0,0,0,0,0,0,0,0,0,0,0,0,0,0,0,0,0,0,0,0,0,0,0,0,0
