gene,LT_S41,LT_S07,LT_S78,LT_S42,LT_S54,LT_S02,LT_S53,LT_S48,LT_S67,LT_S66,LT_S58,LT_S56,LT_S34,LT_S49,LT_S81,LT_S16,LT_S28,LT_S08,LT_S14,LT_S74,LT_S79,LT_S47,LT_S13,LT_S21,LT_S80,LT_S50,LT_S11,LT_S43,LT_S63,LT_S01,LT_S65,LT_S05,LT_S57,LT_S71,LT_S52,LT_S82,LT_S72,LT_S55,LT_S23,LT_S03,LT_S51,LT_S69,LT_S45,LT_S75
KDR,0,0,0,0,0,0,0,0,0,0,0,42,0,0,0,0,0,0,0,0,0,0,0,49,0,0,0,0,0,0,0,0,0,0,4,0,0,0,0,0,0,13,0,0
ERBB2,0,0,0,0,0,0,0,0,0,0,0,0,0,0,0,0,0,0,0,0,0,0,0,0,0,0,0,0,0,0,0,0,0,0,0,0,0,0,0,0,0,0,0,0
MET,0,0,0,0,0,0,0,0,0,0,0,0,0,0,0,0,0,0,0,0,0,16,0,19,0,0,0,0,0,0,0,0,0,0,0,0,0,0,0,0,0,0,0,0
CTNNB1,0,0,0,0,0,0,0,0,0,66,0,0,0,0,0,0,0,0,0,0,0,0,0,102,0,0,0,0,3,0,0,0,4,0,0,0,0,0,0,0,0,23,0,0
NFE2L2,0,0,0,0,0,0,6,12,0,148,0,159,0,0,0,0,0,4,0,10,9,93,0,522,18,0,88,0,309,0,0,0,141,41,0,0,0,0,0,0,0,259,0,17
HER2,0,0,0,0,0,0,0,0,0,0,0,0,0,0,0,0,0,0,0,0,0,0,0,0,0,0,0,0,0,0,0,0,0,0,0,0,0,0,0,0,0,0,0,0
NOTCH1,0,0,0,0,0,0,0,0,0,2,0,0,0,0,0,0,0,0,0,0,0,0,0,6,0,0,0,0,0,0,0,0,0,0,0,0,0,0,0,0,0,12,0,0
TP63,0,0,0,0,0,0,0,0,0,0,0,5,0,0,0,0,0,0,0,0,0,0,0,0,0,0,0,0,4,0,0,0,0,0,0,0,0,0,0,0,0,0,0,0
SMARCA4,0,0,0,0,0,0,0,0,0,6,9,6,0,0,0,0,0,3,0,0,2,0,0,21,0,0,2,23,56,0,0,0,0,0,0,0,0,0,0,0,0,0,0,0
BAP1,0,0,0,0,0,0,0,0,0,0,0,0,0,0,0,0,0,0,0,0,0,0,0,0,0,0,0,0,0,0,0,0,0,0,0,0,0,0,0,0,0,0,0,0
RB1,0,0,0,0,0,0,0,0,0,0,0,0,0,0,0,0,0,0,0,0,0,0,0,0,0,0,0,0,0,0,0,0,0,0,0,0,0,0,0,0,0,0,0,0
SETD2,0,0,0,0,0,0,0,0,0,0,0,0,0,0,0,0,0,0,0,0,0,0,0,0,0,0,0,0,0,0,0,0,0,0,0,0,0,0,0,0,0,0,0,0
FGFR1,0,0,0,0,0,0,0,0,0,0,0,0,0,0,0,0,0,0,0,0,0,0,0,3,0,0,0,0,0,0,0,0,0,0,0,0,0,0,0,0,0,2,0,0
RAD21,0,0,0,0,0,0,0,0,0,0,0,32,0,0,0,0,0,0,0,0,0,0,0,17,0,0,0,0,0,0,0,0,0,0,0,0,0,0,0,0,8,0,0,0
STK11,0,0,0,0,0,0,0,0,0,0,0,0,0,0,0,0,0,0,0,0,0,0,0,0,0,0,0,0,24,0,0,0,0,0,0,0,0,0,0,0,0,34,0,0
BRAF,0,0,0,0,0,0,0,0,0,0,0,0,2,0,0,0,0,0,0,0,0,0,0,3,0,0,0,0,175,0,0,0,0,0,0,0,0,9,0,0,0,0,0,0
SMAD4,0,0,0,0,0,0,0,0,0,0,0,0,0,0,0,0,0,0,0,0,0,0,0,0,0,0,0,0,0,0,0,0,0,0,0,0,0,0,0,0,0,0,0,0
KEAP1,0,61,6,2,0,0,15,14,0,29,0,80,0,0,0,0,0,8,0,8,15,16,0,220,0,7,7,0,233,0,0,0,50,26,0,0,0,18,108,0,0,49,0,0
SOX2,0,0,0,0,0,0,0,0,0,0,0,0,0,0,0,0,0,0,0,0,0,0,0,16,0,0,18,0,0,0,0,0,0,0,0,0,0,0,0,0,0,0,0,0
PTPN13,0,0,0,0,0,0,0,0,0,0,0,0,0,0,0,0,0,0,0,0,0,0,0,0,0,0,0,0,0,0,0,0,0,0,0,0,0,0,0,0,0,0,0,0
EGFR,18,0,0,0,0,0,52,12,0,119,2,316,0,2,0,12,0,86,0,26,40,21,4,961,267,0,48,0,744,14,0,0,109,122,0,0,22,7,0,0,7,289,0,21
KRAS,0,0,0,0,0,0,0,100,0,174,0,0,2,0,0,0,0,0,0,2,0,77,0,41,0,0,0,0,76,0,0,0,826,0,0,0,0,0,0,0,0,18,2,0
MAP2K1,0,0,0,0,0,0,0,0,0,0,0,0,0,0,0,0,0,0,0,0,0,0,0,0,0,0,0,0,13,0,0,0,4,0,0,0,0,0,0,0,0,0,0,0
TP53,4,16,5,0,0,0,48,0,0,126,2,90,12,0,0,3,0,39,0,60,105,19,2,744,0,0,137,0,258,0,2,3,155,9,0,0,0,9,0,0,0,432,0,12
HIF1a,0,0,0,0,0,0,0,0,0,0,0,0,0,0,0,0,0,0,0,0,0,0,0,0,0,0,0,0,7,0,0,0,3,0,0,0,0,0,0,0,0,0,0,0
DROSH,0,0,0,0,0,0,0,0,0,0,0,0,0,0,0,0,0,0,0,0,0,0,0,3,0,0,0,0,21,0,0,0,0,0,3,0,0,0,0,0,0,0,0,0
BRCA2,0,0,0,0,0,0,0,0,0,0,0,142,0,0,0,0,0,0,0,0,0,0,0,39,0,0,9,0,69,0,0,0,5,8,0,0,0,0,0,0,0,0,0,0
DDR2,0,0,0,0,0,0,0,0,0,0,0,0,0,0,0,0,0,0,0,0,0,0,0,12,0,0,0,0,19,0,0,0,0,0,0,0,0,0,0,0,0,0,0,0
NKX2-1,0,0,0,0,0,0,0,0,0,0,0,0,0,0,0,0,0,0,0,0,0,0,0,6,0,0,0,0,0,0,0,0,6,0,0,0,0,0,0,0,0,0,0,0
MAP2K2,0,0,0,0,0,0,0,7,0,0,4,85,0,0,0,0,0,0,0,0,0,43,0,169,0,20,0,0,105,0,0,0,17,13,0,0,0,0,0,0,0,66,0,0
HER2  ,0,0,0,0,0,0,0,0,0,0,0,0,0,0,0,0,0,0,0,0,0,0,0,0,0,0,0,0,0,0,0,0,0,0,0,0,0,0,0,0,0,0,0,0
ALK,0,0,0,0,0,0,0,0,0,0,0,0,0,0,0,0,0,0,0,0,0,0,0,0,0,0,6,0,0,0,0,0,0,0,0,0,0,0,0,0,0,0,0,0
SETD2 ,0,0,0,0,0,0,0,0,0,0,0,0,0,0,0,0,0,0,0,0,0,0,0,0,0,0,0,0,3,0,0,0,0,0,0,0,0,0,0,0,0,0,0,0
