sample,EGFR_R521K,EGFR_E746_A750delELREA,KRAS_G12C,EGFR_K745_A750T,EGFR_G42D,EGFR_L858R,KRAS_G13D,EGFR_A237V,KRAS_A146P,KRAS_Q61H,BRAF_V600E,EGFR_R1100S,KRAS_Q61L,KRAS_A146V,BRAF_G466E,BRAF_A762E,EGFR_Q1020H,EGFR_V536M,EGFR_P589L,EGFR_D1014N,KRAS_G12A,KRAS_C185S,KRAS_G12F,EGFR_P1019L,KRAS_G13C,EGFR_K754E,EGFR_F856L,EGFR_G857V,EGFR_V843L,EGFR_R831H
LT_S48,0,0,0,0,0,0,0,0,0,0,0,0,0,0,0,0,0,0,0,0,0,0,0,0,0,0,0,0,0,0
LT_S66,246,0,0,0,17,0,0,0,0,149,176,0,0,0,0,0,0,0,0,22,0,0,0,0,29,0,34,0,0,0
LT_S56,0,0,0,0,0,0,0,0,16,0,0,0,0,0,0,0,0,0,0,0,0,0,0,0,0,0,0,0,0,0
LT_S21,1937,12,30,5,34,800,53,48,30,0,0,0,0,10,0,6,0,4,0,0,4,0,30,0,13,0,9,0,20,0
LT_S07,54,0,0,0,0,0,0,0,0,0,0,0,0,0,0,0,0,0,0,0,0,0,0,0,0,0,0,0,0,0
LT_S53,0,0,0,0,0,0,0,0,0,0,0,0,0,0,0,0,0,0,0,26,0,0,0,0,0,0,24,0,0,0
LT_S71,0,0,0,405,0,0,20,0,0,0,0,59,0,0,0,0,0,0,0,0,0,0,0,37,0,0,0,0,0,0
LT_S55,5,0,0,0,0,0,0,0,0,0,0,0,0,0,0,0,0,0,0,0,0,0,0,0,0,0,0,0,0,0
LT_S45,0,0,0,0,0,0,0,0,0,0,0,0,0,0,0,0,0,0,0,0,0,0,0,0,0,0,0,0,0,0
LT_S49,0,0,0,0,0,0,0,0,0,0,0,0,0,0,0,0,0,0,0,0,0,0,0,0,0,0,0,0,0,0
LT_S54,0,0,0,0,0,0,0,0,0,0,0,0,0,0,0,0,0,0,0,0,0,0,0,0,0,0,0,0,0,0
LT_S80,0,0,0,0,0,0,0,0,0,0,0,0,0,0,0,0,0,0,0,0,0,0,0,0,0,0,0,0,0,0
LT_S63,11,0,0,0,25,0,0,0,0,0,0,64,0,8,0,0,31,0,0,0,2,2,0,0,54,0,0,38,0,6
LT_S67,0,0,0,0,0,0,0,0,0,0,0,0,0,0,0,0,0,0,0,0,0,0,0,0,0,0,0,0,0,0
LT_S51,172,0,0,0,0,0,0,0,0,0,0,0,0,0,0,0,0,0,0,0,0,0,0,0,0,0,0,0,0,0
LT_S34,0,0,0,0,0,62,0,0,0,0,0,0,0,0,0,0,0,0,0,129,0,0,0,0,0,0,0,0,0,0
LT_S23,0,0,0,0,0,0,0,0,0,0,0,0,0,0,0,0,0,0,0,0,0,0,0,0,0,0,0,0,0,0
LT_S82,131,0,0,15,0,0,0,0,0,0,0,0,0,0,0,0,0,0,0,0,0,0,0,0,0,0,0,0,0,0
LT_S69,0,233,0,230,0,40,0,0,0,0,0,26,0,0,0,0,0,0,0,0,0,0,0,0,2,0,0,0,131,0
LT_S78,0,0,0,0,0,0,0,0,0,0,0,0,0,0,0,0,0,0,0,0,0,0,0,0,0,0,0,0,0,0
LT_S01,0,0,0,0,0,0,0,0,0,0,0,0,0,0,0,0,0,0,0,0,0,0,0,0,0,0,0,0,0,0
LT_S28,0,0,0,0,0,0,0,0,0,0,0,0,0,0,0,0,0,0,0,0,0,0,0,0,0,0,0,0,0,0
LT_S74,0,229,0,244,7,0,0,0,0,0,0,42,0,0,0,0,0,0,0,0,0,0,0,0,0,0,0,0,0,0
LT_S08,69,0,0,0,0,0,0,0,0,0,0,0,0,0,0,0,0,0,0,0,0,0,0,0,0,0,0,0,0,0
LT_S42,0,0,0,0,0,0,0,0,0,0,0,0,0,0,0,0,0,0,0,0,0,0,0,0,0,0,0,0,0,0
LT_S57,160,0,0,182,24,0,0,0,0,0,0,283,0,0,0,0,0,0,0,0,0,0,0,0,0,0,0,0,0,0
LT_S52,0,0,0,2,91,0,0,0,0,92,0,0,0,0,0,0,0,0,0,0,0,0,0,0,0,0,0,0,0,0
LT_S58,0,0,0,0,0,0,0,0,0,0,0,0,0,0,0,0,0,0,0,0,0,0,0,0,0,0,0,0,0,0
LT_S50,130,0,1966,0,0,0,0,0,0,0,0,0,0,0,0,0,0,0,0,0,0,0,1966,0,0,0,0,0,0,0
LT_S47,40,0,71,0,0,0,49,0,0,0,0,0,0,0,0,0,56,0,0,0,0,0,71,0,0,0,0,0,0,0
LT_S41,0,0,0,0,0,0,0,0,0,0,0,0,0,0,0,0,0,0,0,0,0,0,0,0,0,0,0,0,0,0
LT_S13,0,0,0,0,0,0,0,0,0,0,0,0,0,0,0,0,0,0,0,0,0,0,0,0,0,0,0,0,0,0
LT_S79,0,0,0,0,0,0,0,0,0,0,13,0,0,0,0,0,0,0,0,0,0,0,0,0,0,0,0,0,0,0
LT_S05,0,0,0,0,0,0,0,0,0,0,0,0,0,0,0,0,0,0,0,0,0,0,0,0,0,0,0,0,0,0
LT_S65,0,0,0,0,0,0,0,0,0,0,0,0,0,0,0,0,0,0,0,0,0,0,0,0,0,0,0,0,0,0
LT_S75,0,20,0,20,0,0,0,0,0,0,0,0,0,0,0,0,0,0,0,0,0,0,0,0,0,0,0,0,0,0
LT_S16,0,0,0,0,0,0,0,0,0,0,0,0,0,0,0,0,0,0,0,0,0,0,0,0,0,0,0,0,0,0
LT_S72,0,0,0,0,0,0,0,0,0,0,0,0,0,0,0,0,0,0,0,0,0,0,0,0,0,0,0,0,0,0
LT_S43,0,0,0,0,0,0,0,0,0,0,0,0,0,0,0,0,0,0,0,0,0,0,0,0,0,0,0,0,0,0
LT_S11,428,0,0,256,0,0,0,0,0,0,0,0,0,0,0,23,0,0,0,0,0,0,0,0,0,0,0,0,0,0
